ds,y
040b359fded1074b6b96bab58f21263b,2020-04-09 09:11:59
5e4e42e07bf0a13005e2f1c32c1d7db7,2020-04-09 09:11:59
ee67bec2aa88d78baae767f5d019f506,2020-04-09 09:11:59
61ece7d4b2948dcf40784969e5b8e99b,2020-04-09 09:11:59
646f1c58e38c5dd30f301310ae2ae970,2020-04-09 09:11:59
ee67bec2aa88d78baae767f5d019f506,2020-04-09 09:11:59
7ca8d23d76c715f308a9355803a3a5b2,2020-04-09 09:11:59
040b359fded1074b6b96bab58f21263b,2020-04-09 09:11:59
61ece7d4b2948dcf40784969e5b8e99b,2020-04-09 09:11:59
5e4e42e07bf0a13005e2f1c32c1d7db7,2020-04-09 09:11:59
646f1c58e38c5dd30f301310ae2ae970,2020-04-09 09:11:59
4f3b368695c670a0e56c9dec34edf29b,2020-04-09 09:11:59
d4bc13c95d50e337c958eaefac1a4230,2020-04-09 09:11:59
70238bb9aa5a352ab4ffbb54bcc885d0,2020-04-09 09:11:59
5c84a511386a0709f01ebe4583893a6a,2020-04-09 09:11:59
70238bb9aa5a352ab4ffbb54bcc885d0,2020-04-09 09:11:59
5c84a511386a0709f01ebe4583893a6a,2020-04-09 09:11:59
d4bc13c95d50e337c958eaefac1a4230,2020-04-09 09:11:59
646f1c58e38c5dd30f301310ae2ae970,2020-04-09 09:11:59
7ca8d23d76c715f308a9355803a3a5b2,2020-04-09 09:11:59
8785388c63e9fc54bd75f4084e18c536,2020-04-09 09:11:59
5c84a511386a0709f01ebe4583893a6a,2020-04-09 09:11:59
7ca8d23d76c715f308a9355803a3a5b2,2020-04-09 09:11:59
70238bb9aa5a352ab4ffbb54bcc885d0,2020-04-09 09:11:59
646f1c58e38c5dd30f301310ae2ae970,2020-04-09 09:11:59
8785388c63e9fc54bd75f4084e18c536,2020-04-09 09:11:59
d4bc13c95d50e337c958eaefac1a4230,2020-04-09 09:11:59
4f3b368695c670a0e56c9dec34edf29b,2020-04-09 09:11:59
a50e21c7d034fe2f3b34e550780a9c99,2020-04-09 09:11:59
040b359fded1074b6b96bab58f21263b,2020-04-09 09:11:59
61ece7d4b2948dcf40784969e5b8e99b,2020-04-09 09:11:59
d94dc7b668b0cf93238f86a996a6f23a,2020-04-09 09:11:59
bb5d9bb1aa12874786e9798abbcb2d97,2020-04-09 09:11:59
a50e21c7d034fe2f3b34e550780a9c99,2020-04-09 09:11:59
040b359fded1074b6b96bab58f21263b,2020-04-09 09:11:59
61ece7d4b2948dcf40784969e5b8e99b,2020-04-09 09:11:59
d94dc7b668b0cf93238f86a996a6f23a,2020-04-09 09:11:59
bb5d9bb1aa12874786e9798abbcb2d97,2020-04-09 09:11:59
bb5d9bb1aa12874786e9798abbcb2d97,2020-04-09 09:11:59
040b359fded1074b6b96bab58f21263b,2020-04-09 09:11:59
a50e21c7d034fe2f3b34e550780a9c99,2020-04-09 09:11:59
61ece7d4b2948dcf40784969e5b8e99b,2020-04-09 09:11:59
d94dc7b668b0cf93238f86a996a6f23a,2020-04-09 09:11:59
e6162e59180bddb67ffc9d05f85e13fe,2020-04-09 09:11:59
5a73dfd2307139bc306a15a1e999be62,2020-04-09 09:11:59
5a73dfd2307139bc306a15a1e999be62,2020-04-09 09:11:59
e6162e59180bddb67ffc9d05f85e13fe,2020-04-09 09:11:59
a50e21c7d034fe2f3b34e550780a9c99,2020-04-09 09:11:59
7ca8d23d76c715f308a9355803a3a5b2,2020-04-09 09:11:59
8785388c63e9fc54bd75f4084e18c536,2020-04-09 09:11:59
0ec3bf3e69ca8cc39eff53787c683efd,2020-04-09 09:11:59
7ca8d23d76c715f308a9355803a3a5b2,2020-04-09 09:11:59
0ec3bf3e69ca8cc39eff53787c683efd,2020-04-09 09:11:59
8785388c63e9fc54bd75f4084e18c536,2020-04-09 09:11:59
4f3b368695c670a0e56c9dec34edf29b,2020-04-09 09:11:59
5a73dfd2307139bc306a15a1e999be62,2020-04-09 09:11:59
e6162e59180bddb67ffc9d05f85e13fe,2020-04-09 09:11:59
a50e21c7d034fe2f3b34e550780a9c99,2020-04-09 09:11:59
32138a91b7382b2f2c19f73e99c85489,2020-04-09 09:11:59
646f1c58e38c5dd30f301310ae2ae970,2020-04-09 09:11:59
f04274a846e15863498f07ce1112f235,2020-04-09 09:11:59
61ece7d4b2948dcf40784969e5b8e99b,2020-04-09 09:11:59
794fddd55b9ab60f0c6d6882fa5254e8,2020-04-09 09:11:59
1cb3aa5a970fdfadaeecf07a64d6c8d6,2020-04-09 09:11:59
794fddd55b9ab60f0c6d6882fa5254e8,2020-04-09 09:11:59
61ece7d4b2948dcf40784969e5b8e99b,2020-04-09 09:11:59
7ca8d23d76c715f308a9355803a3a5b2,2020-04-09 09:11:59
793b052fd07981c96cee8f74ef82503b,2020-04-09 09:11:59
a272e8dac85c4c37214df932870b81a1,2020-04-09 09:11:59
7ca8d23d76c715f308a9355803a3a5b2,2020-04-09 09:11:59
1cb3aa5a970fdfadaeecf07a64d6c8d6,2020-04-09 09:11:59
d131b83eff710fffc8977e776090cb21,2020-04-09 09:11:59
794fddd55b9ab60f0c6d6882fa5254e8,2020-04-09 09:11:59
793b052fd07981c96cee8f74ef82503b,2020-04-09 09:11:59
a272e8dac85c4c37214df932870b81a1,2020-04-09 09:11:59
61ece7d4b2948dcf40784969e5b8e99b,2020-04-09 09:11:59
95c3f0649e0355ff2d591cca80ea1465,2020-04-09 09:11:59
b1b5d5e62e06e66ef7f75623927a35dc,2020-04-09 09:11:59
646f1c58e38c5dd30f301310ae2ae970,2020-04-09 09:11:59
5a73dfd2307139bc306a15a1e999be62,2020-04-09 09:11:59
8785388c63e9fc54bd75f4084e18c536,2020-04-09 09:11:59
a50e21c7d034fe2f3b34e550780a9c99,2020-04-09 09:11:59
fa5b3c6b18510de44abace148814b4c8,2020-04-09 09:11:59
fa5b3c6b18510de44abace148814b4c8,2020-04-09 09:11:59
a50e21c7d034fe2f3b34e550780a9c99,2020-04-09 09:11:59
8785388c63e9fc54bd75f4084e18c536,2020-04-09 09:11:59
646f1c58e38c5dd30f301310ae2ae970,2020-04-09 09:11:59
15090d4e60954bb5f792bc0172502736,2020-04-09 09:11:59
e6162e59180bddb67ffc9d05f85e13fe,2020-04-09 09:11:59
fa5b3c6b18510de44abace148814b4c8,2020-04-09 09:11:59
15090d4e60954bb5f792bc0172502736,2020-04-09 09:11:59
e6162e59180bddb67ffc9d05f85e13fe,2020-04-09 09:11:59
a50e21c7d034fe2f3b34e550780a9c99,2020-04-09 09:11:59
8785388c63e9fc54bd75f4084e18c536,2020-04-09 09:11:59
646f1c58e38c5dd30f301310ae2ae970,2020-04-09 09:11:59
cb6919410321d4099ed29d3e7a63f317,2020-04-09 09:11:59
6aec606e1f6db2f62f3a8509167fab46,2020-04-09 09:11:59
b1b5d5e62e06e66ef7f75623927a35dc,2020-04-09 09:11:59
5a73dfd2307139bc306a15a1e999be62,2020-04-09 09:11:59
61ece7d4b2948dcf40784969e5b8e99b,2020-04-09 09:11:59
646f1c58e38c5dd30f301310ae2ae970,2020-04-09 09:11:59
5322fa68b57cd0faba996dd76757fccc,2020-04-09 09:11:59
5322fa68b57cd0faba996dd76757fccc,2020-04-09 09:11:59
d6f5a3dcefde5e3c3d6a270839184755,2020-04-09 09:11:59
793b052fd07981c96cee8f74ef82503b,2020-04-09 09:11:59
1ce5c1c64a0c3b0a813bd0f4eb9b284b,2020-04-09 09:11:59
b1b5d5e62e06e66ef7f75623927a35dc,2020-04-09 09:11:59
5a73dfd2307139bc306a15a1e999be62,2020-04-09 09:11:59
e6162e59180bddb67ffc9d05f85e13fe,2020-04-09 09:11:59
61ece7d4b2948dcf40784969e5b8e99b,2020-04-09 09:11:59
646f1c58e38c5dd30f301310ae2ae970,2020-04-09 09:11:59
70238bb9aa5a352ab4ffbb54bcc885d0,2020-04-09 09:11:59
8785388c63e9fc54bd75f4084e18c536,2020-04-09 09:11:59
5e4e42e07bf0a13005e2f1c32c1d7db7,2020-04-09 09:11:59
4933696a2e9388618b01e47dff394896,2020-04-09 09:11:59
61ece7d4b2948dcf40784969e5b8e99b,2020-04-09 09:11:59
5a73dfd2307139bc306a15a1e999be62,2020-04-09 09:11:59
646f1c58e38c5dd30f301310ae2ae970,2020-04-09 09:11:59
f04274a846e15863498f07ce1112f235,2020-04-09 09:11:59
f04274a846e15863498f07ce1112f235,2020-04-09 09:11:59
e3df537b6ff3dab2292c2a7a6e2c9bfa,2020-04-09 09:11:59
4933696a2e9388618b01e47dff394896,2020-04-09 09:11:59
5a73dfd2307139bc306a15a1e999be62,2020-04-09 09:11:59
61ece7d4b2948dcf40784969e5b8e99b,2020-04-09 09:11:59
a50e21c7d034fe2f3b34e550780a9c99,2020-04-09 09:11:59
646f1c58e38c5dd30f301310ae2ae970,2020-04-09 09:11:59
040b359fded1074b6b96bab58f21263b,2020-04-09 09:13:03
5e4e42e07bf0a13005e2f1c32c1d7db7,2020-04-09 09:13:03
ee67bec2aa88d78baae767f5d019f506,2020-04-09 09:13:03
61ece7d4b2948dcf40784969e5b8e99b,2020-04-09 09:13:03
646f1c58e38c5dd30f301310ae2ae970,2020-04-09 09:13:03
ee67bec2aa88d78baae767f5d019f506,2020-04-09 09:13:03
7ca8d23d76c715f308a9355803a3a5b2,2020-04-09 09:13:03
040b359fded1074b6b96bab58f21263b,2020-04-09 09:13:03
61ece7d4b2948dcf40784969e5b8e99b,2020-04-09 09:13:03
5e4e42e07bf0a13005e2f1c32c1d7db7,2020-04-09 09:13:03
646f1c58e38c5dd30f301310ae2ae970,2020-04-09 09:13:03
4f3b368695c670a0e56c9dec34edf29b,2020-04-09 09:13:03
d4bc13c95d50e337c958eaefac1a4230,2020-04-09 09:13:03
70238bb9aa5a352ab4ffbb54bcc885d0,2020-04-09 09:13:03
5c84a511386a0709f01ebe4583893a6a,2020-04-09 09:13:03
70238bb9aa5a352ab4ffbb54bcc885d0,2020-04-09 09:13:03
5c84a511386a0709f01ebe4583893a6a,2020-04-09 09:13:03
d4bc13c95d50e337c958eaefac1a4230,2020-04-09 09:13:03
646f1c58e38c5dd30f301310ae2ae970,2020-04-09 09:13:03
7ca8d23d76c715f308a9355803a3a5b2,2020-04-09 09:13:03
8785388c63e9fc54bd75f4084e18c536,2020-04-09 09:13:03
5c84a511386a0709f01ebe4583893a6a,2020-04-09 09:13:03
7ca8d23d76c715f308a9355803a3a5b2,2020-04-09 09:13:03
70238bb9aa5a352ab4ffbb54bcc885d0,2020-04-09 09:13:03
646f1c58e38c5dd30f301310ae2ae970,2020-04-09 09:13:03
8785388c63e9fc54bd75f4084e18c536,2020-04-09 09:13:03
d4bc13c95d50e337c958eaefac1a4230,2020-04-09 09:13:03
4f3b368695c670a0e56c9dec34edf29b,2020-04-09 09:13:03
a50e21c7d034fe2f3b34e550780a9c99,2020-04-09 09:13:03
040b359fded1074b6b96bab58f21263b,2020-04-09 09:13:03
61ece7d4b2948dcf40784969e5b8e99b,2020-04-09 09:13:03
d94dc7b668b0cf93238f86a996a6f23a,2020-04-09 09:13:03
bb5d9bb1aa12874786e9798abbcb2d97,2020-04-09 09:13:03
a50e21c7d034fe2f3b34e550780a9c99,2020-04-09 09:13:03
040b359fded1074b6b96bab58f21263b,2020-04-09 09:13:03
61ece7d4b2948dcf40784969e5b8e99b,2020-04-09 09:13:03
d94dc7b668b0cf93238f86a996a6f23a,2020-04-09 09:13:03
bb5d9bb1aa12874786e9798abbcb2d97,2020-04-09 09:13:03
bb5d9bb1aa12874786e9798abbcb2d97,2020-04-09 09:13:03
040b359fded1074b6b96bab58f21263b,2020-04-09 09:13:03
a50e21c7d034fe2f3b34e550780a9c99,2020-04-09 09:13:03
61ece7d4b2948dcf40784969e5b8e99b,2020-04-09 09:13:03
d94dc7b668b0cf93238f86a996a6f23a,2020-04-09 09:13:03
e6162e59180bddb67ffc9d05f85e13fe,2020-04-09 09:13:03
5a73dfd2307139bc306a15a1e999be62,2020-04-09 09:13:03
5a73dfd2307139bc306a15a1e999be62,2020-04-09 09:13:03
e6162e59180bddb67ffc9d05f85e13fe,2020-04-09 09:13:03
a50e21c7d034fe2f3b34e550780a9c99,2020-04-09 09:13:03
7ca8d23d76c715f308a9355803a3a5b2,2020-04-09 09:13:03
8785388c63e9fc54bd75f4084e18c536,2020-04-09 09:13:03
0ec3bf3e69ca8cc39eff53787c683efd,2020-04-09 09:13:03
7ca8d23d76c715f308a9355803a3a5b2,2020-04-09 09:13:03
0ec3bf3e69ca8cc39eff53787c683efd,2020-04-09 09:13:03
8785388c63e9fc54bd75f4084e18c536,2020-04-09 09:13:03
4f3b368695c670a0e56c9dec34edf29b,2020-04-09 09:13:03
5a73dfd2307139bc306a15a1e999be62,2020-04-09 09:13:03
e6162e59180bddb67ffc9d05f85e13fe,2020-04-09 09:13:03
a50e21c7d034fe2f3b34e550780a9c99,2020-04-09 09:13:03
32138a91b7382b2f2c19f73e99c85489,2020-04-09 09:13:03
646f1c58e38c5dd30f301310ae2ae970,2020-04-09 09:13:03
f04274a846e15863498f07ce1112f235,2020-04-09 09:13:03
61ece7d4b2948dcf40784969e5b8e99b,2020-04-09 09:13:03
794fddd55b9ab60f0c6d6882fa5254e8,2020-04-09 09:13:03
1cb3aa5a970fdfadaeecf07a64d6c8d6,2020-04-09 09:13:03
794fddd55b9ab60f0c6d6882fa5254e8,2020-04-09 09:13:03
61ece7d4b2948dcf40784969e5b8e99b,2020-04-09 09:13:03
7ca8d23d76c715f308a9355803a3a5b2,2020-04-09 09:13:03
793b052fd07981c96cee8f74ef82503b,2020-04-09 09:13:03
a272e8dac85c4c37214df932870b81a1,2020-04-09 09:13:03
7ca8d23d76c715f308a9355803a3a5b2,2020-04-09 09:13:03
1cb3aa5a970fdfadaeecf07a64d6c8d6,2020-04-09 09:13:03
d131b83eff710fffc8977e776090cb21,2020-04-09 09:13:03
794fddd55b9ab60f0c6d6882fa5254e8,2020-04-09 09:13:03
793b052fd07981c96cee8f74ef82503b,2020-04-09 09:13:03
a272e8dac85c4c37214df932870b81a1,2020-04-09 09:13:03
61ece7d4b2948dcf40784969e5b8e99b,2020-04-09 09:13:03
95c3f0649e0355ff2d591cca80ea1465,2020-04-09 09:13:03
b1b5d5e62e06e66ef7f75623927a35dc,2020-04-09 09:13:03
646f1c58e38c5dd30f301310ae2ae970,2020-04-09 09:13:03
5a73dfd2307139bc306a15a1e999be62,2020-04-09 09:13:03
8785388c63e9fc54bd75f4084e18c536,2020-04-09 09:13:03
a50e21c7d034fe2f3b34e550780a9c99,2020-04-09 09:13:03
fa5b3c6b18510de44abace148814b4c8,2020-04-09 09:13:03
fa5b3c6b18510de44abace148814b4c8,2020-04-09 09:13:03
a50e21c7d034fe2f3b34e550780a9c99,2020-04-09 09:13:03
8785388c63e9fc54bd75f4084e18c536,2020-04-09 09:13:03
646f1c58e38c5dd30f301310ae2ae970,2020-04-09 09:13:03
15090d4e60954bb5f792bc0172502736,2020-04-09 09:13:03
e6162e59180bddb67ffc9d05f85e13fe,2020-04-09 09:13:03
fa5b3c6b18510de44abace148814b4c8,2020-04-09 09:13:03
15090d4e60954bb5f792bc0172502736,2020-04-09 09:13:03
e6162e59180bddb67ffc9d05f85e13fe,2020-04-09 09:13:03
a50e21c7d034fe2f3b34e550780a9c99,2020-04-09 09:13:03
8785388c63e9fc54bd75f4084e18c536,2020-04-09 09:13:03
646f1c58e38c5dd30f301310ae2ae970,2020-04-09 09:13:03
cb6919410321d4099ed29d3e7a63f317,2020-04-09 09:13:03
6aec606e1f6db2f62f3a8509167fab46,2020-04-09 09:13:03
b1b5d5e62e06e66ef7f75623927a35dc,2020-04-09 09:13:03
5a73dfd2307139bc306a15a1e999be62,2020-04-09 09:13:03
61ece7d4b2948dcf40784969e5b8e99b,2020-04-09 09:13:03
646f1c58e38c5dd30f301310ae2ae970,2020-04-09 09:13:03
5322fa68b57cd0faba996dd76757fccc,2020-04-09 09:13:03
5322fa68b57cd0faba996dd76757fccc,2020-04-09 09:13:03
d6f5a3dcefde5e3c3d6a270839184755,2020-04-09 09:13:03
793b052fd07981c96cee8f74ef82503b,2020-04-09 09:13:03
1ce5c1c64a0c3b0a813bd0f4eb9b284b,2020-04-09 09:13:03
b1b5d5e62e06e66ef7f75623927a35dc,2020-04-09 09:13:03
5a73dfd2307139bc306a15a1e999be62,2020-04-09 09:13:03
e6162e59180bddb67ffc9d05f85e13fe,2020-04-09 09:13:03
61ece7d4b2948dcf40784969e5b8e99b,2020-04-09 09:13:03
646f1c58e38c5dd30f301310ae2ae970,2020-04-09 09:13:03
70238bb9aa5a352ab4ffbb54bcc885d0,2020-04-09 09:13:03
8785388c63e9fc54bd75f4084e18c536,2020-04-09 09:13:03
5e4e42e07bf0a13005e2f1c32c1d7db7,2020-04-09 09:13:03
4933696a2e9388618b01e47dff394896,2020-04-09 09:13:03
61ece7d4b2948dcf40784969e5b8e99b,2020-04-09 09:13:03
5a73dfd2307139bc306a15a1e999be62,2020-04-09 09:13:03
646f1c58e38c5dd30f301310ae2ae970,2020-04-09 09:13:03
f04274a846e15863498f07ce1112f235,2020-04-09 09:13:03
f04274a846e15863498f07ce1112f235,2020-04-09 09:13:03
e3df537b6ff3dab2292c2a7a6e2c9bfa,2020-04-09 09:13:03
4933696a2e9388618b01e47dff394896,2020-04-09 09:13:03
5a73dfd2307139bc306a15a1e999be62,2020-04-09 09:13:03
61ece7d4b2948dcf40784969e5b8e99b,2020-04-09 09:13:03
a50e21c7d034fe2f3b34e550780a9c99,2020-04-09 09:13:03
646f1c58e38c5dd30f301310ae2ae970,2020-04-09 09:13:03
5a73dfd2307139bc306a15a1e999be62,2020-04-09 09:13:03
cd031454aeb9c93f7608702872af4c7b,2020-04-09 09:13:03
a50e21c7d034fe2f3b34e550780a9c99,2020-04-09 09:13:03
61ece7d4b2948dcf40784969e5b8e99b,2020-04-09 09:13:03
794fddd55b9ab60f0c6d6882fa5254e8,2020-04-09 09:13:03
c7a981c5be472f798cc7f39454c25b28,2020-04-09 09:13:03
8785388c63e9fc54bd75f4084e18c536,2020-04-09 09:13:03
feb9e4e31b34b0dbf59d20bbf10558c6,2020-04-09 09:13:03
6aec606e1f6db2f62f3a8509167fab46,2020-04-09 09:13:03
d131b83eff710fffc8977e776090cb21,2020-04-09 09:13:03
040b359fded1074b6b96bab58f21263b,2020-04-09 09:13:03
cd031454aeb9c93f7608702872af4c7b,2020-04-09 09:13:03
646f1c58e38c5dd30f301310ae2ae970,2020-04-09 09:13:03
c6cb37ccd25088debe2dea3ff0519696,2020-04-09 09:13:03
5a73dfd2307139bc306a15a1e999be62,2020-04-09 09:13:03
61ece7d4b2948dcf40784969e5b8e99b,2020-04-09 09:13:03
8785388c63e9fc54bd75f4084e18c536,2020-04-09 09:13:03
a50e21c7d034fe2f3b34e550780a9c99,2020-04-09 09:13:03
794fddd55b9ab60f0c6d6882fa5254e8,2020-04-09 09:13:03
c7a981c5be472f798cc7f39454c25b28,2020-04-09 09:13:03
d4bc13c95d50e337c958eaefac1a4230,2020-04-09 09:13:03
040b359fded1074b6b96bab58f21263b,2020-04-09 09:15:12
5e4e42e07bf0a13005e2f1c32c1d7db7,2020-04-09 09:15:12
ee67bec2aa88d78baae767f5d019f506,2020-04-09 09:15:12
61ece7d4b2948dcf40784969e5b8e99b,2020-04-09 09:15:12
646f1c58e38c5dd30f301310ae2ae970,2020-04-09 09:15:12
ee67bec2aa88d78baae767f5d019f506,2020-04-09 09:15:12
7ca8d23d76c715f308a9355803a3a5b2,2020-04-09 09:15:12
040b359fded1074b6b96bab58f21263b,2020-04-09 09:15:12
61ece7d4b2948dcf40784969e5b8e99b,2020-04-09 09:15:12
5e4e42e07bf0a13005e2f1c32c1d7db7,2020-04-09 09:15:12
646f1c58e38c5dd30f301310ae2ae970,2020-04-09 09:15:12
4f3b368695c670a0e56c9dec34edf29b,2020-04-09 09:15:12
d4bc13c95d50e337c958eaefac1a4230,2020-04-09 09:15:12
70238bb9aa5a352ab4ffbb54bcc885d0,2020-04-09 09:15:12
5c84a511386a0709f01ebe4583893a6a,2020-04-09 09:15:12
70238bb9aa5a352ab4ffbb54bcc885d0,2020-04-09 09:15:12
5c84a511386a0709f01ebe4583893a6a,2020-04-09 09:15:12
d4bc13c95d50e337c958eaefac1a4230,2020-04-09 09:15:12
646f1c58e38c5dd30f301310ae2ae970,2020-04-09 09:15:12
7ca8d23d76c715f308a9355803a3a5b2,2020-04-09 09:15:12
8785388c63e9fc54bd75f4084e18c536,2020-04-09 09:15:12
5c84a511386a0709f01ebe4583893a6a,2020-04-09 09:15:12
7ca8d23d76c715f308a9355803a3a5b2,2020-04-09 09:15:12
70238bb9aa5a352ab4ffbb54bcc885d0,2020-04-09 09:15:12
646f1c58e38c5dd30f301310ae2ae970,2020-04-09 09:15:12
8785388c63e9fc54bd75f4084e18c536,2020-04-09 09:15:12
d4bc13c95d50e337c958eaefac1a4230,2020-04-09 09:15:12
4f3b368695c670a0e56c9dec34edf29b,2020-04-09 09:15:12
a50e21c7d034fe2f3b34e550780a9c99,2020-04-09 09:15:12
040b359fded1074b6b96bab58f21263b,2020-04-09 09:15:12
61ece7d4b2948dcf40784969e5b8e99b,2020-04-09 09:15:12
d94dc7b668b0cf93238f86a996a6f23a,2020-04-09 09:15:12
bb5d9bb1aa12874786e9798abbcb2d97,2020-04-09 09:15:12
a50e21c7d034fe2f3b34e550780a9c99,2020-04-09 09:15:12
040b359fded1074b6b96bab58f21263b,2020-04-09 09:15:12
61ece7d4b2948dcf40784969e5b8e99b,2020-04-09 09:15:12
d94dc7b668b0cf93238f86a996a6f23a,2020-04-09 09:15:12
bb5d9bb1aa12874786e9798abbcb2d97,2020-04-09 09:15:12
bb5d9bb1aa12874786e9798abbcb2d97,2020-04-09 09:15:12
040b359fded1074b6b96bab58f21263b,2020-04-09 09:15:12
a50e21c7d034fe2f3b34e550780a9c99,2020-04-09 09:15:12
61ece7d4b2948dcf40784969e5b8e99b,2020-04-09 09:15:12
d94dc7b668b0cf93238f86a996a6f23a,2020-04-09 09:15:12
e6162e59180bddb67ffc9d05f85e13fe,2020-04-09 09:15:12
5a73dfd2307139bc306a15a1e999be62,2020-04-09 09:15:12
5a73dfd2307139bc306a15a1e999be62,2020-04-09 09:15:12
e6162e59180bddb67ffc9d05f85e13fe,2020-04-09 09:15:12
a50e21c7d034fe2f3b34e550780a9c99,2020-04-09 09:15:12
7ca8d23d76c715f308a9355803a3a5b2,2020-04-09 09:15:12
8785388c63e9fc54bd75f4084e18c536,2020-04-09 09:15:12
0ec3bf3e69ca8cc39eff53787c683efd,2020-04-09 09:15:12
7ca8d23d76c715f308a9355803a3a5b2,2020-04-09 09:15:12
0ec3bf3e69ca8cc39eff53787c683efd,2020-04-09 09:15:12
8785388c63e9fc54bd75f4084e18c536,2020-04-09 09:15:12
4f3b368695c670a0e56c9dec34edf29b,2020-04-09 09:15:12
5a73dfd2307139bc306a15a1e999be62,2020-04-09 09:15:12
e6162e59180bddb67ffc9d05f85e13fe,2020-04-09 09:15:12
a50e21c7d034fe2f3b34e550780a9c99,2020-04-09 09:15:12
32138a91b7382b2f2c19f73e99c85489,2020-04-09 09:15:12
646f1c58e38c5dd30f301310ae2ae970,2020-04-09 09:15:12
f04274a846e15863498f07ce1112f235,2020-04-09 09:15:12
61ece7d4b2948dcf40784969e5b8e99b,2020-04-09 09:15:12
794fddd55b9ab60f0c6d6882fa5254e8,2020-04-09 09:15:12
1cb3aa5a970fdfadaeecf07a64d6c8d6,2020-04-09 09:15:12
794fddd55b9ab60f0c6d6882fa5254e8,2020-04-09 09:15:12
61ece7d4b2948dcf40784969e5b8e99b,2020-04-09 09:15:12
7ca8d23d76c715f308a9355803a3a5b2,2020-04-09 09:15:12
793b052fd07981c96cee8f74ef82503b,2020-04-09 09:15:12
a272e8dac85c4c37214df932870b81a1,2020-04-09 09:15:12
7ca8d23d76c715f308a9355803a3a5b2,2020-04-09 09:15:12
1cb3aa5a970fdfadaeecf07a64d6c8d6,2020-04-09 09:15:12
d131b83eff710fffc8977e776090cb21,2020-04-09 09:15:12
794fddd55b9ab60f0c6d6882fa5254e8,2020-04-09 09:15:12
793b052fd07981c96cee8f74ef82503b,2020-04-09 09:15:12
a272e8dac85c4c37214df932870b81a1,2020-04-09 09:15:12
61ece7d4b2948dcf40784969e5b8e99b,2020-04-09 09:15:12
95c3f0649e0355ff2d591cca80ea1465,2020-04-09 09:15:12
b1b5d5e62e06e66ef7f75623927a35dc,2020-04-09 09:15:12
646f1c58e38c5dd30f301310ae2ae970,2020-04-09 09:15:12
5a73dfd2307139bc306a15a1e999be62,2020-04-09 09:15:12
8785388c63e9fc54bd75f4084e18c536,2020-04-09 09:15:12
a50e21c7d034fe2f3b34e550780a9c99,2020-04-09 09:15:12
fa5b3c6b18510de44abace148814b4c8,2020-04-09 09:15:12
fa5b3c6b18510de44abace148814b4c8,2020-04-09 09:15:12
a50e21c7d034fe2f3b34e550780a9c99,2020-04-09 09:15:12
8785388c63e9fc54bd75f4084e18c536,2020-04-09 09:15:12
646f1c58e38c5dd30f301310ae2ae970,2020-04-09 09:15:12
15090d4e60954bb5f792bc0172502736,2020-04-09 09:15:12
e6162e59180bddb67ffc9d05f85e13fe,2020-04-09 09:15:12
fa5b3c6b18510de44abace148814b4c8,2020-04-09 09:15:12
15090d4e60954bb5f792bc0172502736,2020-04-09 09:15:12
e6162e59180bddb67ffc9d05f85e13fe,2020-04-09 09:15:12
a50e21c7d034fe2f3b34e550780a9c99,2020-04-09 09:15:12
8785388c63e9fc54bd75f4084e18c536,2020-04-09 09:15:12
646f1c58e38c5dd30f301310ae2ae970,2020-04-09 09:15:12
cb6919410321d4099ed29d3e7a63f317,2020-04-09 09:15:12
6aec606e1f6db2f62f3a8509167fab46,2020-04-09 09:15:12
b1b5d5e62e06e66ef7f75623927a35dc,2020-04-09 09:15:12
5a73dfd2307139bc306a15a1e999be62,2020-04-09 09:15:12
61ece7d4b2948dcf40784969e5b8e99b,2020-04-09 09:15:12
646f1c58e38c5dd30f301310ae2ae970,2020-04-09 09:15:12
5322fa68b57cd0faba996dd76757fccc,2020-04-09 09:15:12
5322fa68b57cd0faba996dd76757fccc,2020-04-09 09:15:12
d6f5a3dcefde5e3c3d6a270839184755,2020-04-09 09:15:12
793b052fd07981c96cee8f74ef82503b,2020-04-09 09:15:12
1ce5c1c64a0c3b0a813bd0f4eb9b284b,2020-04-09 09:15:12
b1b5d5e62e06e66ef7f75623927a35dc,2020-04-09 09:15:12
5a73dfd2307139bc306a15a1e999be62,2020-04-09 09:15:12
e6162e59180bddb67ffc9d05f85e13fe,2020-04-09 09:15:12
61ece7d4b2948dcf40784969e5b8e99b,2020-04-09 09:15:12
646f1c58e38c5dd30f301310ae2ae970,2020-04-09 09:15:12
70238bb9aa5a352ab4ffbb54bcc885d0,2020-04-09 09:15:12
8785388c63e9fc54bd75f4084e18c536,2020-04-09 09:15:12
5e4e42e07bf0a13005e2f1c32c1d7db7,2020-04-09 09:15:12
4933696a2e9388618b01e47dff394896,2020-04-09 09:15:12
61ece7d4b2948dcf40784969e5b8e99b,2020-04-09 09:15:12
5a73dfd2307139bc306a15a1e999be62,2020-04-09 09:15:12
646f1c58e38c5dd30f301310ae2ae970,2020-04-09 09:15:12
f04274a846e15863498f07ce1112f235,2020-04-09 09:15:12
f04274a846e15863498f07ce1112f235,2020-04-09 09:15:12
e3df537b6ff3dab2292c2a7a6e2c9bfa,2020-04-09 09:15:12
4933696a2e9388618b01e47dff394896,2020-04-09 09:15:12
5a73dfd2307139bc306a15a1e999be62,2020-04-09 09:15:12
61ece7d4b2948dcf40784969e5b8e99b,2020-04-09 09:15:12
a50e21c7d034fe2f3b34e550780a9c99,2020-04-09 09:15:12
646f1c58e38c5dd30f301310ae2ae970,2020-04-09 09:15:12
5a73dfd2307139bc306a15a1e999be62,2020-04-09 09:15:12
cd031454aeb9c93f7608702872af4c7b,2020-04-09 09:15:12
a50e21c7d034fe2f3b34e550780a9c99,2020-04-09 09:15:12
61ece7d4b2948dcf40784969e5b8e99b,2020-04-09 09:15:12
794fddd55b9ab60f0c6d6882fa5254e8,2020-04-09 09:15:12
c7a981c5be472f798cc7f39454c25b28,2020-04-09 09:15:12
8785388c63e9fc54bd75f4084e18c536,2020-04-09 09:15:12
feb9e4e31b34b0dbf59d20bbf10558c6,2020-04-09 09:15:12
6aec606e1f6db2f62f3a8509167fab46,2020-04-09 09:15:12
d131b83eff710fffc8977e776090cb21,2020-04-09 09:15:12
040b359fded1074b6b96bab58f21263b,2020-04-09 09:15:12
cd031454aeb9c93f7608702872af4c7b,2020-04-09 09:15:12
646f1c58e38c5dd30f301310ae2ae970,2020-04-09 09:15:12
c6cb37ccd25088debe2dea3ff0519696,2020-04-09 09:15:12
5a73dfd2307139bc306a15a1e999be62,2020-04-09 09:15:12
61ece7d4b2948dcf40784969e5b8e99b,2020-04-09 09:15:12
8785388c63e9fc54bd75f4084e18c536,2020-04-09 09:15:12
a50e21c7d034fe2f3b34e550780a9c99,2020-04-09 09:15:12
794fddd55b9ab60f0c6d6882fa5254e8,2020-04-09 09:15:12
c7a981c5be472f798cc7f39454c25b28,2020-04-09 09:15:12
d4bc13c95d50e337c958eaefac1a4230,2020-04-09 09:15:12
5a73dfd2307139bc306a15a1e999be62,2020-04-09 09:15:12
8785388c63e9fc54bd75f4084e18c536,2020-04-09 09:15:12
ab957fc18e73f87eda9b6cb727ebfcad,2020-04-09 09:15:12
61ece7d4b2948dcf40784969e5b8e99b,2020-04-09 09:15:12
040b359fded1074b6b96bab58f21263b,2020-04-09 09:15:12
cb71edd78954108432d54c0c7222db34,2020-04-09 09:15:12
ab957fc18e73f87eda9b6cb727ebfcad,2020-04-09 09:15:12
040b359fded1074b6b96bab58f21263b,2020-04-09 09:15:12
8785388c63e9fc54bd75f4084e18c536,2020-04-09 09:15:12
61ece7d4b2948dcf40784969e5b8e99b,2020-04-09 09:15:12
5a73dfd2307139bc306a15a1e999be62,2020-04-09 09:15:12
cb71edd78954108432d54c0c7222db34,2020-04-09 09:15:12
6aec606e1f6db2f62f3a8509167fab46,2020-04-09 09:15:12
646f1c58e38c5dd30f301310ae2ae970,2020-04-09 09:15:12
c6cb37ccd25088debe2dea3ff0519696,2020-04-09 09:15:12
92d85f7ed3efb7d75199ed67e4774d83,2020-04-09 09:15:12
b8bbdfe4a4d5ca94be87330229fe4c69,2020-04-09 09:15:12
ab957fc18e73f87eda9b6cb727ebfcad,2020-04-09 09:15:12
6aec606e1f6db2f62f3a8509167fab46,2020-04-09 09:15:12
92d85f7ed3efb7d75199ed67e4774d83,2020-04-09 09:15:12
040b359fded1074b6b96bab58f21263b,2020-04-09 09:15:12
646f1c58e38c5dd30f301310ae2ae970,2020-04-09 09:15:12
4f3b368695c670a0e56c9dec34edf29b,2020-04-09 09:15:12
8785388c63e9fc54bd75f4084e18c536,2020-04-09 09:15:12
5a73dfd2307139bc306a15a1e999be62,2020-04-09 09:15:12
61ece7d4b2948dcf40784969e5b8e99b,2020-04-09 09:15:12
cb71edd78954108432d54c0c7222db34,2020-04-09 09:15:12
c6cb37ccd25088debe2dea3ff0519696,2020-04-09 09:15:12
feb9e4e31b34b0dbf59d20bbf10558c6,2020-04-09 09:15:12
fa5b3c6b18510de44abace148814b4c8,2020-04-09 09:15:12
c7a981c5be472f798cc7f39454c25b28,2020-04-09 09:15:12
040b359fded1074b6b96bab58f21263b,2020-04-10 10:02:22
5e4e42e07bf0a13005e2f1c32c1d7db7,2020-04-10 10:02:22
ee67bec2aa88d78baae767f5d019f506,2020-04-10 10:02:22
61ece7d4b2948dcf40784969e5b8e99b,2020-04-10 10:02:22
646f1c58e38c5dd30f301310ae2ae970,2020-04-10 10:02:22
ee67bec2aa88d78baae767f5d019f506,2020-04-10 10:02:22
7ca8d23d76c715f308a9355803a3a5b2,2020-04-10 10:02:22
040b359fded1074b6b96bab58f21263b,2020-04-10 10:02:22
61ece7d4b2948dcf40784969e5b8e99b,2020-04-10 10:02:22
5e4e42e07bf0a13005e2f1c32c1d7db7,2020-04-10 10:02:22
646f1c58e38c5dd30f301310ae2ae970,2020-04-10 10:02:22
4f3b368695c670a0e56c9dec34edf29b,2020-04-10 10:02:22
d4bc13c95d50e337c958eaefac1a4230,2020-04-10 10:02:22
70238bb9aa5a352ab4ffbb54bcc885d0,2020-04-10 10:02:22
5c84a511386a0709f01ebe4583893a6a,2020-04-10 10:02:22
70238bb9aa5a352ab4ffbb54bcc885d0,2020-04-10 10:02:22
5c84a511386a0709f01ebe4583893a6a,2020-04-10 10:02:22
d4bc13c95d50e337c958eaefac1a4230,2020-04-10 10:02:22
646f1c58e38c5dd30f301310ae2ae970,2020-04-10 10:02:22
7ca8d23d76c715f308a9355803a3a5b2,2020-04-10 10:02:22
8785388c63e9fc54bd75f4084e18c536,2020-04-10 10:02:22
5c84a511386a0709f01ebe4583893a6a,2020-04-10 10:02:22
7ca8d23d76c715f308a9355803a3a5b2,2020-04-10 10:02:22
70238bb9aa5a352ab4ffbb54bcc885d0,2020-04-10 10:02:22
646f1c58e38c5dd30f301310ae2ae970,2020-04-10 10:02:22
8785388c63e9fc54bd75f4084e18c536,2020-04-10 10:02:22
d4bc13c95d50e337c958eaefac1a4230,2020-04-10 10:02:22
4f3b368695c670a0e56c9dec34edf29b,2020-04-10 10:02:22
a50e21c7d034fe2f3b34e550780a9c99,2020-04-10 10:02:22
040b359fded1074b6b96bab58f21263b,2020-04-10 10:02:22
61ece7d4b2948dcf40784969e5b8e99b,2020-04-10 10:02:22
d94dc7b668b0cf93238f86a996a6f23a,2020-04-10 10:02:22
bb5d9bb1aa12874786e9798abbcb2d97,2020-04-10 10:02:22
a50e21c7d034fe2f3b34e550780a9c99,2020-04-10 10:02:22
040b359fded1074b6b96bab58f21263b,2020-04-10 10:02:22
61ece7d4b2948dcf40784969e5b8e99b,2020-04-10 10:02:22
d94dc7b668b0cf93238f86a996a6f23a,2020-04-10 10:02:22
bb5d9bb1aa12874786e9798abbcb2d97,2020-04-10 10:02:22
bb5d9bb1aa12874786e9798abbcb2d97,2020-04-10 10:02:22
040b359fded1074b6b96bab58f21263b,2020-04-10 10:02:22
a50e21c7d034fe2f3b34e550780a9c99,2020-04-10 10:02:22
61ece7d4b2948dcf40784969e5b8e99b,2020-04-10 10:02:22
d94dc7b668b0cf93238f86a996a6f23a,2020-04-10 10:02:22
e6162e59180bddb67ffc9d05f85e13fe,2020-04-10 10:02:22
5a73dfd2307139bc306a15a1e999be62,2020-04-10 10:02:22
5a73dfd2307139bc306a15a1e999be62,2020-04-10 10:02:22
e6162e59180bddb67ffc9d05f85e13fe,2020-04-10 10:02:22
a50e21c7d034fe2f3b34e550780a9c99,2020-04-10 10:02:22
7ca8d23d76c715f308a9355803a3a5b2,2020-04-10 10:02:22
8785388c63e9fc54bd75f4084e18c536,2020-04-10 10:02:22
0ec3bf3e69ca8cc39eff53787c683efd,2020-04-10 10:02:22
7ca8d23d76c715f308a9355803a3a5b2,2020-04-10 10:02:22
0ec3bf3e69ca8cc39eff53787c683efd,2020-04-10 10:02:22
8785388c63e9fc54bd75f4084e18c536,2020-04-10 10:02:22
4f3b368695c670a0e56c9dec34edf29b,2020-04-10 10:02:22
5a73dfd2307139bc306a15a1e999be62,2020-04-10 10:02:22
e6162e59180bddb67ffc9d05f85e13fe,2020-04-10 10:02:22
a50e21c7d034fe2f3b34e550780a9c99,2020-04-10 10:02:22
32138a91b7382b2f2c19f73e99c85489,2020-04-10 10:02:22
646f1c58e38c5dd30f301310ae2ae970,2020-04-10 10:02:22
f04274a846e15863498f07ce1112f235,2020-04-10 10:02:22
61ece7d4b2948dcf40784969e5b8e99b,2020-04-10 10:02:22
794fddd55b9ab60f0c6d6882fa5254e8,2020-04-10 10:02:22
1cb3aa5a970fdfadaeecf07a64d6c8d6,2020-04-10 10:02:22
794fddd55b9ab60f0c6d6882fa5254e8,2020-04-10 10:02:22
61ece7d4b2948dcf40784969e5b8e99b,2020-04-10 10:02:22
7ca8d23d76c715f308a9355803a3a5b2,2020-04-10 10:02:22
793b052fd07981c96cee8f74ef82503b,2020-04-10 10:02:22
a272e8dac85c4c37214df932870b81a1,2020-04-10 10:02:22
7ca8d23d76c715f308a9355803a3a5b2,2020-04-10 10:02:22
1cb3aa5a970fdfadaeecf07a64d6c8d6,2020-04-10 10:02:22
d131b83eff710fffc8977e776090cb21,2020-04-10 10:02:22
794fddd55b9ab60f0c6d6882fa5254e8,2020-04-10 10:02:22
793b052fd07981c96cee8f74ef82503b,2020-04-10 10:02:22
a272e8dac85c4c37214df932870b81a1,2020-04-10 10:02:22
61ece7d4b2948dcf40784969e5b8e99b,2020-04-10 10:02:22
95c3f0649e0355ff2d591cca80ea1465,2020-04-10 10:02:22
b1b5d5e62e06e66ef7f75623927a35dc,2020-04-10 10:02:22
646f1c58e38c5dd30f301310ae2ae970,2020-04-10 10:02:22
5a73dfd2307139bc306a15a1e999be62,2020-04-10 10:02:22
8785388c63e9fc54bd75f4084e18c536,2020-04-10 10:02:22
a50e21c7d034fe2f3b34e550780a9c99,2020-04-10 10:02:22
fa5b3c6b18510de44abace148814b4c8,2020-04-10 10:02:22
fa5b3c6b18510de44abace148814b4c8,2020-04-10 10:02:22
a50e21c7d034fe2f3b34e550780a9c99,2020-04-10 10:02:22
8785388c63e9fc54bd75f4084e18c536,2020-04-10 10:02:22
646f1c58e38c5dd30f301310ae2ae970,2020-04-10 10:02:22
15090d4e60954bb5f792bc0172502736,2020-04-10 10:02:22
e6162e59180bddb67ffc9d05f85e13fe,2020-04-10 10:02:22
fa5b3c6b18510de44abace148814b4c8,2020-04-10 10:02:22
15090d4e60954bb5f792bc0172502736,2020-04-10 10:02:22
e6162e59180bddb67ffc9d05f85e13fe,2020-04-10 10:02:22
a50e21c7d034fe2f3b34e550780a9c99,2020-04-10 10:02:22
8785388c63e9fc54bd75f4084e18c536,2020-04-10 10:02:22
646f1c58e38c5dd30f301310ae2ae970,2020-04-10 10:02:22
cb6919410321d4099ed29d3e7a63f317,2020-04-10 10:02:22
6aec606e1f6db2f62f3a8509167fab46,2020-04-10 10:02:22
b1b5d5e62e06e66ef7f75623927a35dc,2020-04-10 10:02:22
5a73dfd2307139bc306a15a1e999be62,2020-04-10 10:02:22
61ece7d4b2948dcf40784969e5b8e99b,2020-04-10 10:02:22
646f1c58e38c5dd30f301310ae2ae970,2020-04-10 10:02:22
5322fa68b57cd0faba996dd76757fccc,2020-04-10 10:02:22
5322fa68b57cd0faba996dd76757fccc,2020-04-10 10:02:22
d6f5a3dcefde5e3c3d6a270839184755,2020-04-10 10:02:22
793b052fd07981c96cee8f74ef82503b,2020-04-10 10:02:22
1ce5c1c64a0c3b0a813bd0f4eb9b284b,2020-04-10 10:02:22
b1b5d5e62e06e66ef7f75623927a35dc,2020-04-10 10:02:22
5a73dfd2307139bc306a15a1e999be62,2020-04-10 10:02:22
e6162e59180bddb67ffc9d05f85e13fe,2020-04-10 10:02:22
61ece7d4b2948dcf40784969e5b8e99b,2020-04-10 10:02:22
646f1c58e38c5dd30f301310ae2ae970,2020-04-10 10:02:22
70238bb9aa5a352ab4ffbb54bcc885d0,2020-04-10 10:02:22
8785388c63e9fc54bd75f4084e18c536,2020-04-10 10:02:22
5e4e42e07bf0a13005e2f1c32c1d7db7,2020-04-10 10:02:22
4933696a2e9388618b01e47dff394896,2020-04-10 10:02:22
61ece7d4b2948dcf40784969e5b8e99b,2020-04-10 10:02:22
5a73dfd2307139bc306a15a1e999be62,2020-04-10 10:02:22
646f1c58e38c5dd30f301310ae2ae970,2020-04-10 10:02:22
f04274a846e15863498f07ce1112f235,2020-04-10 10:02:22
f04274a846e15863498f07ce1112f235,2020-04-10 10:02:22
e3df537b6ff3dab2292c2a7a6e2c9bfa,2020-04-10 10:02:22
4933696a2e9388618b01e47dff394896,2020-04-10 10:02:22
5a73dfd2307139bc306a15a1e999be62,2020-04-10 10:02:22
61ece7d4b2948dcf40784969e5b8e99b,2020-04-10 10:02:22
a50e21c7d034fe2f3b34e550780a9c99,2020-04-10 10:02:22
646f1c58e38c5dd30f301310ae2ae970,2020-04-10 10:02:22
5a73dfd2307139bc306a15a1e999be62,2020-04-10 10:02:22
cd031454aeb9c93f7608702872af4c7b,2020-04-10 10:02:22
a50e21c7d034fe2f3b34e550780a9c99,2020-04-10 10:02:22
61ece7d4b2948dcf40784969e5b8e99b,2020-04-10 10:02:22
794fddd55b9ab60f0c6d6882fa5254e8,2020-04-10 10:02:22
c7a981c5be472f798cc7f39454c25b28,2020-04-10 10:02:22
8785388c63e9fc54bd75f4084e18c536,2020-04-10 10:02:22
feb9e4e31b34b0dbf59d20bbf10558c6,2020-04-10 10:02:22
6aec606e1f6db2f62f3a8509167fab46,2020-04-10 10:02:22
d131b83eff710fffc8977e776090cb21,2020-04-10 10:02:22
040b359fded1074b6b96bab58f21263b,2020-04-10 10:02:22
cd031454aeb9c93f7608702872af4c7b,2020-04-10 10:02:22
646f1c58e38c5dd30f301310ae2ae970,2020-04-10 10:02:22
c6cb37ccd25088debe2dea3ff0519696,2020-04-10 10:02:22
5a73dfd2307139bc306a15a1e999be62,2020-04-10 10:02:22
61ece7d4b2948dcf40784969e5b8e99b,2020-04-10 10:02:22
8785388c63e9fc54bd75f4084e18c536,2020-04-10 10:02:22
a50e21c7d034fe2f3b34e550780a9c99,2020-04-10 10:02:22
794fddd55b9ab60f0c6d6882fa5254e8,2020-04-10 10:02:22
c7a981c5be472f798cc7f39454c25b28,2020-04-10 10:02:22
d4bc13c95d50e337c958eaefac1a4230,2020-04-10 10:02:22
5a73dfd2307139bc306a15a1e999be62,2020-04-10 10:02:22
8785388c63e9fc54bd75f4084e18c536,2020-04-10 10:02:22
ab957fc18e73f87eda9b6cb727ebfcad,2020-04-10 10:02:22
61ece7d4b2948dcf40784969e5b8e99b,2020-04-10 10:02:22
040b359fded1074b6b96bab58f21263b,2020-04-10 10:02:22
cb71edd78954108432d54c0c7222db34,2020-04-10 10:02:22
ab957fc18e73f87eda9b6cb727ebfcad,2020-04-10 10:02:22
040b359fded1074b6b96bab58f21263b,2020-04-10 10:02:22
8785388c63e9fc54bd75f4084e18c536,2020-04-10 10:02:22
61ece7d4b2948dcf40784969e5b8e99b,2020-04-10 10:02:22
5a73dfd2307139bc306a15a1e999be62,2020-04-10 10:02:22
cb71edd78954108432d54c0c7222db34,2020-04-10 10:02:22
6aec606e1f6db2f62f3a8509167fab46,2020-04-10 10:02:22
646f1c58e38c5dd30f301310ae2ae970,2020-04-10 10:02:22
c6cb37ccd25088debe2dea3ff0519696,2020-04-10 10:02:22
92d85f7ed3efb7d75199ed67e4774d83,2020-04-10 10:02:22
b8bbdfe4a4d5ca94be87330229fe4c69,2020-04-10 10:02:22
ab957fc18e73f87eda9b6cb727ebfcad,2020-04-10 10:02:22
6aec606e1f6db2f62f3a8509167fab46,2020-04-10 10:02:22
92d85f7ed3efb7d75199ed67e4774d83,2020-04-10 10:02:22
040b359fded1074b6b96bab58f21263b,2020-04-10 10:02:22
646f1c58e38c5dd30f301310ae2ae970,2020-04-10 10:02:22
4f3b368695c670a0e56c9dec34edf29b,2020-04-10 10:02:22
8785388c63e9fc54bd75f4084e18c536,2020-04-10 10:02:22
5a73dfd2307139bc306a15a1e999be62,2020-04-10 10:02:22
61ece7d4b2948dcf40784969e5b8e99b,2020-04-10 10:02:22
cb71edd78954108432d54c0c7222db34,2020-04-10 10:02:22
c6cb37ccd25088debe2dea3ff0519696,2020-04-10 10:02:22
feb9e4e31b34b0dbf59d20bbf10558c6,2020-04-10 10:02:22
fa5b3c6b18510de44abace148814b4c8,2020-04-10 10:02:22
c7a981c5be472f798cc7f39454c25b28,2020-04-10 10:02:22
6ac06c61320ded07922f67149c916331,2020-04-10 10:02:22
5a73dfd2307139bc306a15a1e999be62,2020-04-10 10:02:22
ab957fc18e73f87eda9b6cb727ebfcad,2020-04-10 10:02:22
f04274a846e15863498f07ce1112f235,2020-04-10 10:02:22
feb9e4e31b34b0dbf59d20bbf10558c6,2020-04-10 10:02:22
cd031454aeb9c93f7608702872af4c7b,2020-04-10 10:02:22
8785388c63e9fc54bd75f4084e18c536,2020-04-10 10:02:22
c7a981c5be472f798cc7f39454c25b28,2020-04-10 10:02:22
feb9e4e31b34b0dbf59d20bbf10558c6,2020-04-10 10:02:22
ab957fc18e73f87eda9b6cb727ebfcad,2020-04-10 10:02:22
cd031454aeb9c93f7608702872af4c7b,2020-04-10 10:02:22
f04274a846e15863498f07ce1112f235,2020-04-10 10:02:22
8785388c63e9fc54bd75f4084e18c536,2020-04-10 10:02:22
5a73dfd2307139bc306a15a1e999be62,2020-04-10 10:02:22
6ac06c61320ded07922f67149c916331,2020-04-10 10:02:22
c7a981c5be472f798cc7f39454c25b28,2020-04-10 10:02:22
70c91414ce5527ac8e4f60ee862f8634,2020-04-10 10:02:22
794fddd55b9ab60f0c6d6882fa5254e8,2020-04-10 10:02:22
feb9e4e31b34b0dbf59d20bbf10558c6,2020-04-10 10:02:22
ab957fc18e73f87eda9b6cb727ebfcad,2020-04-10 10:02:22
cd031454aeb9c93f7608702872af4c7b,2020-04-10 10:02:22
f04274a846e15863498f07ce1112f235,2020-04-10 10:02:22
bc94d66b49fb3ffe786620655ad985db,2020-04-10 10:02:22
8785388c63e9fc54bd75f4084e18c536,2020-04-10 10:02:22
61ece7d4b2948dcf40784969e5b8e99b,2020-04-10 10:02:22
5a73dfd2307139bc306a15a1e999be62,2020-04-10 10:02:22
70c91414ce5527ac8e4f60ee862f8634,2020-04-10 10:02:22
6ac06c61320ded07922f67149c916331,2020-04-10 10:02:22
c7a981c5be472f798cc7f39454c25b28,2020-04-10 10:02:22
794fddd55b9ab60f0c6d6882fa5254e8,2020-04-10 10:02:22
040b359fded1074b6b96bab58f21263b,2020-04-10 10:07:06
5e4e42e07bf0a13005e2f1c32c1d7db7,2020-04-10 10:07:06
ee67bec2aa88d78baae767f5d019f506,2020-04-10 10:07:06
61ece7d4b2948dcf40784969e5b8e99b,2020-04-10 10:07:06
646f1c58e38c5dd30f301310ae2ae970,2020-04-10 10:07:06
ee67bec2aa88d78baae767f5d019f506,2020-04-10 10:07:06
7ca8d23d76c715f308a9355803a3a5b2,2020-04-10 10:07:06
040b359fded1074b6b96bab58f21263b,2020-04-10 10:07:06
61ece7d4b2948dcf40784969e5b8e99b,2020-04-10 10:07:06
5e4e42e07bf0a13005e2f1c32c1d7db7,2020-04-10 10:07:06
646f1c58e38c5dd30f301310ae2ae970,2020-04-10 10:07:06
4f3b368695c670a0e56c9dec34edf29b,2020-04-10 10:07:06
d4bc13c95d50e337c958eaefac1a4230,2020-04-10 10:07:06
70238bb9aa5a352ab4ffbb54bcc885d0,2020-04-10 10:07:06
5c84a511386a0709f01ebe4583893a6a,2020-04-10 10:07:06
70238bb9aa5a352ab4ffbb54bcc885d0,2020-04-10 10:07:06
5c84a511386a0709f01ebe4583893a6a,2020-04-10 10:07:06
d4bc13c95d50e337c958eaefac1a4230,2020-04-10 10:07:06
646f1c58e38c5dd30f301310ae2ae970,2020-04-10 10:07:06
7ca8d23d76c715f308a9355803a3a5b2,2020-04-10 10:07:06
8785388c63e9fc54bd75f4084e18c536,2020-04-10 10:07:06
5c84a511386a0709f01ebe4583893a6a,2020-04-10 10:07:06
7ca8d23d76c715f308a9355803a3a5b2,2020-04-10 10:07:06
70238bb9aa5a352ab4ffbb54bcc885d0,2020-04-10 10:07:06
646f1c58e38c5dd30f301310ae2ae970,2020-04-10 10:07:06
8785388c63e9fc54bd75f4084e18c536,2020-04-10 10:07:06
d4bc13c95d50e337c958eaefac1a4230,2020-04-10 10:07:06
4f3b368695c670a0e56c9dec34edf29b,2020-04-10 10:07:06
a50e21c7d034fe2f3b34e550780a9c99,2020-04-10 10:07:06
040b359fded1074b6b96bab58f21263b,2020-04-10 10:07:06
61ece7d4b2948dcf40784969e5b8e99b,2020-04-10 10:07:06
d94dc7b668b0cf93238f86a996a6f23a,2020-04-10 10:07:06
bb5d9bb1aa12874786e9798abbcb2d97,2020-04-10 10:07:06
a50e21c7d034fe2f3b34e550780a9c99,2020-04-10 10:07:06
040b359fded1074b6b96bab58f21263b,2020-04-10 10:07:06
61ece7d4b2948dcf40784969e5b8e99b,2020-04-10 10:07:06
d94dc7b668b0cf93238f86a996a6f23a,2020-04-10 10:07:06
bb5d9bb1aa12874786e9798abbcb2d97,2020-04-10 10:07:06
bb5d9bb1aa12874786e9798abbcb2d97,2020-04-10 10:07:06
040b359fded1074b6b96bab58f21263b,2020-04-10 10:07:06
a50e21c7d034fe2f3b34e550780a9c99,2020-04-10 10:07:06
61ece7d4b2948dcf40784969e5b8e99b,2020-04-10 10:07:06
d94dc7b668b0cf93238f86a996a6f23a,2020-04-10 10:07:06
e6162e59180bddb67ffc9d05f85e13fe,2020-04-10 10:07:06
5a73dfd2307139bc306a15a1e999be62,2020-04-10 10:07:06
5a73dfd2307139bc306a15a1e999be62,2020-04-10 10:07:06
e6162e59180bddb67ffc9d05f85e13fe,2020-04-10 10:07:06
a50e21c7d034fe2f3b34e550780a9c99,2020-04-10 10:07:06
7ca8d23d76c715f308a9355803a3a5b2,2020-04-10 10:07:06
8785388c63e9fc54bd75f4084e18c536,2020-04-10 10:07:06
0ec3bf3e69ca8cc39eff53787c683efd,2020-04-10 10:07:06
7ca8d23d76c715f308a9355803a3a5b2,2020-04-10 10:07:06
0ec3bf3e69ca8cc39eff53787c683efd,2020-04-10 10:07:06
8785388c63e9fc54bd75f4084e18c536,2020-04-10 10:07:06
4f3b368695c670a0e56c9dec34edf29b,2020-04-10 10:07:06
5a73dfd2307139bc306a15a1e999be62,2020-04-10 10:07:06
e6162e59180bddb67ffc9d05f85e13fe,2020-04-10 10:07:06
a50e21c7d034fe2f3b34e550780a9c99,2020-04-10 10:07:06
32138a91b7382b2f2c19f73e99c85489,2020-04-10 10:07:06
646f1c58e38c5dd30f301310ae2ae970,2020-04-10 10:07:06
f04274a846e15863498f07ce1112f235,2020-04-10 10:07:06
61ece7d4b2948dcf40784969e5b8e99b,2020-04-10 10:07:06
794fddd55b9ab60f0c6d6882fa5254e8,2020-04-10 10:07:06
1cb3aa5a970fdfadaeecf07a64d6c8d6,2020-04-10 10:07:06
794fddd55b9ab60f0c6d6882fa5254e8,2020-04-10 10:07:06
61ece7d4b2948dcf40784969e5b8e99b,2020-04-10 10:07:06
7ca8d23d76c715f308a9355803a3a5b2,2020-04-10 10:07:06
793b052fd07981c96cee8f74ef82503b,2020-04-10 10:07:06
a272e8dac85c4c37214df932870b81a1,2020-04-10 10:07:06
7ca8d23d76c715f308a9355803a3a5b2,2020-04-10 10:07:06
1cb3aa5a970fdfadaeecf07a64d6c8d6,2020-04-10 10:07:06
d131b83eff710fffc8977e776090cb21,2020-04-10 10:07:06
794fddd55b9ab60f0c6d6882fa5254e8,2020-04-10 10:07:06
793b052fd07981c96cee8f74ef82503b,2020-04-10 10:07:06
a272e8dac85c4c37214df932870b81a1,2020-04-10 10:07:06
61ece7d4b2948dcf40784969e5b8e99b,2020-04-10 10:07:06
95c3f0649e0355ff2d591cca80ea1465,2020-04-10 10:07:06
b1b5d5e62e06e66ef7f75623927a35dc,2020-04-10 10:07:06
646f1c58e38c5dd30f301310ae2ae970,2020-04-10 10:07:06
5a73dfd2307139bc306a15a1e999be62,2020-04-10 10:07:06
8785388c63e9fc54bd75f4084e18c536,2020-04-10 10:07:06
a50e21c7d034fe2f3b34e550780a9c99,2020-04-10 10:07:06
fa5b3c6b18510de44abace148814b4c8,2020-04-10 10:07:06
fa5b3c6b18510de44abace148814b4c8,2020-04-10 10:07:06
a50e21c7d034fe2f3b34e550780a9c99,2020-04-10 10:07:06
8785388c63e9fc54bd75f4084e18c536,2020-04-10 10:07:06
646f1c58e38c5dd30f301310ae2ae970,2020-04-10 10:07:06
15090d4e60954bb5f792bc0172502736,2020-04-10 10:07:06
e6162e59180bddb67ffc9d05f85e13fe,2020-04-10 10:07:06
fa5b3c6b18510de44abace148814b4c8,2020-04-10 10:07:06
15090d4e60954bb5f792bc0172502736,2020-04-10 10:07:06
e6162e59180bddb67ffc9d05f85e13fe,2020-04-10 10:07:06
a50e21c7d034fe2f3b34e550780a9c99,2020-04-10 10:07:06
8785388c63e9fc54bd75f4084e18c536,2020-04-10 10:07:06
646f1c58e38c5dd30f301310ae2ae970,2020-04-10 10:07:06
cb6919410321d4099ed29d3e7a63f317,2020-04-10 10:07:06
6aec606e1f6db2f62f3a8509167fab46,2020-04-10 10:07:06
b1b5d5e62e06e66ef7f75623927a35dc,2020-04-10 10:07:06
5a73dfd2307139bc306a15a1e999be62,2020-04-10 10:07:06
61ece7d4b2948dcf40784969e5b8e99b,2020-04-10 10:07:06
646f1c58e38c5dd30f301310ae2ae970,2020-04-10 10:07:06
5322fa68b57cd0faba996dd76757fccc,2020-04-10 10:07:06
5322fa68b57cd0faba996dd76757fccc,2020-04-10 10:07:06
d6f5a3dcefde5e3c3d6a270839184755,2020-04-10 10:07:06
793b052fd07981c96cee8f74ef82503b,2020-04-10 10:07:06
1ce5c1c64a0c3b0a813bd0f4eb9b284b,2020-04-10 10:07:06
b1b5d5e62e06e66ef7f75623927a35dc,2020-04-10 10:07:06
5a73dfd2307139bc306a15a1e999be62,2020-04-10 10:07:06
e6162e59180bddb67ffc9d05f85e13fe,2020-04-10 10:07:06
61ece7d4b2948dcf40784969e5b8e99b,2020-04-10 10:07:06
646f1c58e38c5dd30f301310ae2ae970,2020-04-10 10:07:06
70238bb9aa5a352ab4ffbb54bcc885d0,2020-04-10 10:07:06
8785388c63e9fc54bd75f4084e18c536,2020-04-10 10:07:06
5e4e42e07bf0a13005e2f1c32c1d7db7,2020-04-10 10:07:06
4933696a2e9388618b01e47dff394896,2020-04-10 10:07:06
61ece7d4b2948dcf40784969e5b8e99b,2020-04-10 10:07:06
5a73dfd2307139bc306a15a1e999be62,2020-04-10 10:07:06
646f1c58e38c5dd30f301310ae2ae970,2020-04-10 10:07:06
f04274a846e15863498f07ce1112f235,2020-04-10 10:07:06
f04274a846e15863498f07ce1112f235,2020-04-10 10:07:06
e3df537b6ff3dab2292c2a7a6e2c9bfa,2020-04-10 10:07:06
4933696a2e9388618b01e47dff394896,2020-04-10 10:07:06
5a73dfd2307139bc306a15a1e999be62,2020-04-10 10:07:06
61ece7d4b2948dcf40784969e5b8e99b,2020-04-10 10:07:06
a50e21c7d034fe2f3b34e550780a9c99,2020-04-10 10:07:06
646f1c58e38c5dd30f301310ae2ae970,2020-04-10 10:07:06
5a73dfd2307139bc306a15a1e999be62,2020-04-10 10:07:06
cd031454aeb9c93f7608702872af4c7b,2020-04-10 10:07:06
a50e21c7d034fe2f3b34e550780a9c99,2020-04-10 10:07:06
61ece7d4b2948dcf40784969e5b8e99b,2020-04-10 10:07:06
794fddd55b9ab60f0c6d6882fa5254e8,2020-04-10 10:07:06
c7a981c5be472f798cc7f39454c25b28,2020-04-10 10:07:06
8785388c63e9fc54bd75f4084e18c536,2020-04-10 10:07:06
feb9e4e31b34b0dbf59d20bbf10558c6,2020-04-10 10:07:06
6aec606e1f6db2f62f3a8509167fab46,2020-04-10 10:07:06
d131b83eff710fffc8977e776090cb21,2020-04-10 10:07:06
040b359fded1074b6b96bab58f21263b,2020-04-10 10:07:06
cd031454aeb9c93f7608702872af4c7b,2020-04-10 10:07:06
646f1c58e38c5dd30f301310ae2ae970,2020-04-10 10:07:06
c6cb37ccd25088debe2dea3ff0519696,2020-04-10 10:07:06
5a73dfd2307139bc306a15a1e999be62,2020-04-10 10:07:06
61ece7d4b2948dcf40784969e5b8e99b,2020-04-10 10:07:06
8785388c63e9fc54bd75f4084e18c536,2020-04-10 10:07:06
a50e21c7d034fe2f3b34e550780a9c99,2020-04-10 10:07:06
794fddd55b9ab60f0c6d6882fa5254e8,2020-04-10 10:07:06
c7a981c5be472f798cc7f39454c25b28,2020-04-10 10:07:06
d4bc13c95d50e337c958eaefac1a4230,2020-04-10 10:07:06
5a73dfd2307139bc306a15a1e999be62,2020-04-10 10:07:06
8785388c63e9fc54bd75f4084e18c536,2020-04-10 10:07:06
ab957fc18e73f87eda9b6cb727ebfcad,2020-04-10 10:07:06
61ece7d4b2948dcf40784969e5b8e99b,2020-04-10 10:07:06
040b359fded1074b6b96bab58f21263b,2020-04-10 10:07:06
cb71edd78954108432d54c0c7222db34,2020-04-10 10:07:06
ab957fc18e73f87eda9b6cb727ebfcad,2020-04-10 10:07:06
040b359fded1074b6b96bab58f21263b,2020-04-10 10:07:06
8785388c63e9fc54bd75f4084e18c536,2020-04-10 10:07:06
61ece7d4b2948dcf40784969e5b8e99b,2020-04-10 10:07:06
5a73dfd2307139bc306a15a1e999be62,2020-04-10 10:07:06
cb71edd78954108432d54c0c7222db34,2020-04-10 10:07:06
6aec606e1f6db2f62f3a8509167fab46,2020-04-10 10:07:06
646f1c58e38c5dd30f301310ae2ae970,2020-04-10 10:07:06
c6cb37ccd25088debe2dea3ff0519696,2020-04-10 10:07:06
92d85f7ed3efb7d75199ed67e4774d83,2020-04-10 10:07:06
b8bbdfe4a4d5ca94be87330229fe4c69,2020-04-10 10:07:06
ab957fc18e73f87eda9b6cb727ebfcad,2020-04-10 10:07:06
6aec606e1f6db2f62f3a8509167fab46,2020-04-10 10:07:06
92d85f7ed3efb7d75199ed67e4774d83,2020-04-10 10:07:06
040b359fded1074b6b96bab58f21263b,2020-04-10 10:07:06
646f1c58e38c5dd30f301310ae2ae970,2020-04-10 10:07:06
4f3b368695c670a0e56c9dec34edf29b,2020-04-10 10:07:06
8785388c63e9fc54bd75f4084e18c536,2020-04-10 10:07:06
5a73dfd2307139bc306a15a1e999be62,2020-04-10 10:07:06
61ece7d4b2948dcf40784969e5b8e99b,2020-04-10 10:07:06
cb71edd78954108432d54c0c7222db34,2020-04-10 10:07:06
c6cb37ccd25088debe2dea3ff0519696,2020-04-10 10:07:06
feb9e4e31b34b0dbf59d20bbf10558c6,2020-04-10 10:07:06
fa5b3c6b18510de44abace148814b4c8,2020-04-10 10:07:06
c7a981c5be472f798cc7f39454c25b28,2020-04-10 10:07:06
6ac06c61320ded07922f67149c916331,2020-04-10 10:07:06
5a73dfd2307139bc306a15a1e999be62,2020-04-10 10:07:06
ab957fc18e73f87eda9b6cb727ebfcad,2020-04-10 10:07:06
f04274a846e15863498f07ce1112f235,2020-04-10 10:07:06
feb9e4e31b34b0dbf59d20bbf10558c6,2020-04-10 10:07:06
cd031454aeb9c93f7608702872af4c7b,2020-04-10 10:07:06
8785388c63e9fc54bd75f4084e18c536,2020-04-10 10:07:06
c7a981c5be472f798cc7f39454c25b28,2020-04-10 10:07:06
feb9e4e31b34b0dbf59d20bbf10558c6,2020-04-10 10:07:06
ab957fc18e73f87eda9b6cb727ebfcad,2020-04-10 10:07:06
cd031454aeb9c93f7608702872af4c7b,2020-04-10 10:07:06
f04274a846e15863498f07ce1112f235,2020-04-10 10:07:06
8785388c63e9fc54bd75f4084e18c536,2020-04-10 10:07:06
5a73dfd2307139bc306a15a1e999be62,2020-04-10 10:07:06
6ac06c61320ded07922f67149c916331,2020-04-10 10:07:06
c7a981c5be472f798cc7f39454c25b28,2020-04-10 10:07:06
70c91414ce5527ac8e4f60ee862f8634,2020-04-10 10:07:06
794fddd55b9ab60f0c6d6882fa5254e8,2020-04-10 10:07:06
feb9e4e31b34b0dbf59d20bbf10558c6,2020-04-10 10:07:06
ab957fc18e73f87eda9b6cb727ebfcad,2020-04-10 10:07:06
cd031454aeb9c93f7608702872af4c7b,2020-04-10 10:07:06
f04274a846e15863498f07ce1112f235,2020-04-10 10:07:06
bc94d66b49fb3ffe786620655ad985db,2020-04-10 10:07:06
8785388c63e9fc54bd75f4084e18c536,2020-04-10 10:07:06
61ece7d4b2948dcf40784969e5b8e99b,2020-04-10 10:07:06
5a73dfd2307139bc306a15a1e999be62,2020-04-10 10:07:06
70c91414ce5527ac8e4f60ee862f8634,2020-04-10 10:07:06
6ac06c61320ded07922f67149c916331,2020-04-10 10:07:06
c7a981c5be472f798cc7f39454c25b28,2020-04-10 10:07:06
794fddd55b9ab60f0c6d6882fa5254e8,2020-04-10 10:07:06
aad03a129982ed7702d974fd50fef0ff,2020-04-10 10:07:06
fa5b3c6b18510de44abace148814b4c8,2020-04-10 10:07:06
61ece7d4b2948dcf40784969e5b8e99b,2020-04-10 10:07:06
5a73dfd2307139bc306a15a1e999be62,2020-04-10 10:07:06
bc94d66b49fb3ffe786620655ad985db,2020-04-10 10:07:06
cd031454aeb9c93f7608702872af4c7b,2020-04-10 10:07:06
a50e21c7d034fe2f3b34e550780a9c99,2020-04-10 10:07:06
10b98a1670e7359f8b12bc58e6a611b0,2020-04-10 10:07:06
446b6435a78da8d5be028b93bd5bb7fd,2020-04-10 10:07:06
10b98a1670e7359f8b12bc58e6a611b0,2020-04-10 10:07:06
bc94d66b49fb3ffe786620655ad985db,2020-04-10 10:07:06
cd031454aeb9c93f7608702872af4c7b,2020-04-10 10:07:06
fa5b3c6b18510de44abace148814b4c8,2020-04-10 10:07:06
61ece7d4b2948dcf40784969e5b8e99b,2020-04-10 10:07:06
5a73dfd2307139bc306a15a1e999be62,2020-04-10 10:07:06
a50e21c7d034fe2f3b34e550780a9c99,2020-04-10 10:07:06
aad03a129982ed7702d974fd50fef0ff,2020-04-10 10:07:06
446b6435a78da8d5be028b93bd5bb7fd,2020-04-10 10:07:06
eaa6f5c0ecdf8950e18f8cf63538823b,2020-04-10 10:07:06
c6cb37ccd25088debe2dea3ff0519696,2020-04-10 10:07:06
10b98a1670e7359f8b12bc58e6a611b0,2020-04-10 10:07:06
eaa6f5c0ecdf8950e18f8cf63538823b,2020-04-10 10:07:06
cd031454aeb9c93f7608702872af4c7b,2020-04-10 10:07:06
bc94d66b49fb3ffe786620655ad985db,2020-04-10 10:07:06
fa5b3c6b18510de44abace148814b4c8,2020-04-10 10:07:06
c6cb37ccd25088debe2dea3ff0519696,2020-04-10 10:07:06
5a73dfd2307139bc306a15a1e999be62,2020-04-10 10:07:06
61ece7d4b2948dcf40784969e5b8e99b,2020-04-10 10:07:06
a50e21c7d034fe2f3b34e550780a9c99,2020-04-10 10:07:06
aad03a129982ed7702d974fd50fef0ff,2020-04-10 10:07:06
446b6435a78da8d5be028b93bd5bb7fd,2020-04-10 10:07:06
040b359fded1074b6b96bab58f21263b,2020-04-18 11:42:23
5e4e42e07bf0a13005e2f1c32c1d7db7,2020-04-18 11:42:23
ee67bec2aa88d78baae767f5d019f506,2020-04-18 11:42:23
61ece7d4b2948dcf40784969e5b8e99b,2020-04-18 11:42:23
646f1c58e38c5dd30f301310ae2ae970,2020-04-18 11:42:23
ee67bec2aa88d78baae767f5d019f506,2020-04-18 11:42:23
7ca8d23d76c715f308a9355803a3a5b2,2020-04-18 11:42:23
040b359fded1074b6b96bab58f21263b,2020-04-18 11:42:23
61ece7d4b2948dcf40784969e5b8e99b,2020-04-18 11:42:23
5e4e42e07bf0a13005e2f1c32c1d7db7,2020-04-18 11:42:23
646f1c58e38c5dd30f301310ae2ae970,2020-04-18 11:42:23
4f3b368695c670a0e56c9dec34edf29b,2020-04-18 11:42:23
d4bc13c95d50e337c958eaefac1a4230,2020-04-18 11:42:23
70238bb9aa5a352ab4ffbb54bcc885d0,2020-04-18 11:42:23
5c84a511386a0709f01ebe4583893a6a,2020-04-18 11:42:23
70238bb9aa5a352ab4ffbb54bcc885d0,2020-04-18 11:42:23
5c84a511386a0709f0040b359fded1074b6b96bab58f21263b,2020-04-18 11:50:43
5e4e42e07bf0a13005e2f1c32c1d7db7,2020-04-18 11:50:43
ee67bec2aa88d78baae767f5d019f506,2020-04-18 11:50:43
61ece7d4b2948dcf40784969e5b8e99b,2020-04-18 11:50:43
646f1c58e38c5dd30f301310ae2ae970,2020-04-18 11:50:43
ee67bec2aa88d78baae767f5d019f506,2020-04-18 11:50:43
7ca8d23d76c715f308a9355803a3a5b2,2020-04-18 11:50:43
040b359fded1074b6b96bab58f21263b,2020-04-18 11:50:43
61ece7d4b2948dcf40784969e5b8e99b,2020-04-18 11:50:43
5e4e42e07bf0a13005e2f1c32c1d7db7,2020-04-18 11:50:43
646f1c58e38c5dd30f301310ae2ae970,2020-04-18 11:50:43
4f3b368695c670a0e56c9dec34edf29b,2020-04-18 11:50:43
d4bc13c95d50e337c958eaefac1a4230,2020-04-18 11:50:43
70238bb9aa5a352ab4ffbb54bcc885d0,2020-04-18 11:50:43
5c84a511386a0709f01ebe4583893a6a,2020-04-18 11:50:43
70238bb9aa5a352ab4ffbb54bcc885d0,2020-04-18 11:50:43
5c84a511386a0709f01ebe4583893a6a,2020-04-18 11:50:43
d4bc13c95d50e337c958eaefac1a4230,2020-04-18 11:50:43
646f1c58e38c5dd30f301310ae2ae970,2020-04-18 11:50:43
7ca8d23d76c715f308a9355803a3a5b2,2020-04-18 11:50:43
8785388c63e9fc54bd75f4084e18c536,2020-04-18 11:50:43
5c84a511386a0709f01ebe4583893a6a,2020-04-18 11:50:43
7ca8d23d76c715f308a9355803a3a5b2,2020-04-18 11:50:43
70238bb9aa5a352ab4ffbb54bcc885d0,2020-04-18 11:50:43
646f1c58e38c5dd30f301310ae2ae970,2020-04-18 11:50:43
8785388c63e9fc54bd75f4084e18c536,2020-04-18 11:50:43
d4bc13c95d50e337c958eaefac1a4230,2020-04-18 11:50:43
4f3b368695c670a0e56c9dec34edf29b,2020-04-18 11:50:43
a50e21c7d034fe2f3b34e550780a9c99,2020-04-18 11:50:43
040b359fded1074b6b96bab58f21263b,2020-04-18 11:50:43
61ece7d4b2948dcf40784969e5b8e99b,2020-04-18 11:50:43
d94dc7b668b0cf93238f86a996a6f23a,2020-04-18 11:50:43
bb5d9bb1aa12874786e9798abbcb2d97,2020-04-18 11:50:43
a50e21c7d034fe2f3b34e550780a9c99,2020-04-18 11:50:43
040b359fded1074b6b96bab58f21263b,2020-04-18 11:50:43
61ece7d4b2948dcf40784969e5b8e99b,2020-04-18 11:50:43
d94dc7b668b0cf93238f86a996a6f23a,2020-04-18 11:50:43
bb5d9bb1aa12874786e9798abbcb2d97,2020-04-18 11:50:43
bb5d9bb1aa12874786e9798abbcb2d97,2020-04-18 11:50:43
040b359fded1074b6b96bab58f21263b,2020-04-18 11:50:43
a50e21c7d034fe2f3b34e550780a9c99,2020-04-18 11:50:43
61ece7d4b2948dcf40784969e5b8e99b,2020-04-18 11:50:43
d94dc7b668b0cf93238f86a996a6f23a,2020-04-18 11:50:43
e6162e59180bddb67ffc9d05f85e13fe,2020-04-18 11:50:43
5a73dfd2307139bc306a15a1e999be62,2020-04-18 11:50:43
5a73dfd2307139bc306a15a1e999be62,2020-04-18 11:50:43
e6162e59180bddb67ffc9d05f85e13fe,2020-04-18 11:50:43
a50e21c7d034fe2f3b34e550780a9c99,2020-04-18 11:50:43
7ca8d23d76c715f308a9355803a3a5b2,2020-04-18 11:50:43
8785388c63e9fc54bd75f4084e18c536,2020-04-18 11:50:43
0ec3bf3e69ca8cc39eff53787c683efd,2020-04-18 11:50:43
7ca8d23d76c715f308a9355803a3a5b2,2020-04-18 11:50:43
0ec3bf3e69ca8cc39eff53787c683efd,2020-04-18 11:50:43
8785388c63e9fc54bd75f4084e18c536,2020-04-18 11:50:43
4f3b368695c670a0e56c9dec34edf29b,2020-04-18 11:50:43
5a73dfd2307139bc306a15a1e999be62,2020-04-18 11:50:43
e6162e59180bddb67ffc9d05f85e13fe,2020-04-18 11:50:43
a50e21c7d034fe2f3b34e550780a9c99,2020-04-18 11:50:43
32138a91b7382b2f2c19f73e99c85489,2020-04-18 11:50:43
646f1c58e38c5dd30f301310ae2ae970,2020-04-18 11:50:43
f04274a846e15863498f07ce1112f235,2020-04-18 11:50:43
61ece7d4b2948dcf40784969e5b8e99b,2020-04-18 11:50:43
794fddd55b9ab60f0c6d6882fa5254e8,2020-04-18 11:50:43
1cb3aa5a970fdfadaeecf07a64d6c8d6,2020-04-18 11:50:43
794fddd55b9ab60f0c6d6882fa5254e8,2020-04-18 11:50:43
61ece7d4b2948dcf40784969e5b8e99b,2020-04-18 11:50:43
7ca8d23d76c715f308a9355803a3a5b2,2020-04-18 11:50:43
793b052fd07981c96cee8f74ef82503b,2020-04-18 11:50:43
a272e8dac85c4c37214df932870b81a1,2020-04-18 11:50:43
7ca8d23d76c715f308a9355803a3a5b2,2020-04-18 11:50:43
1cb3aa5a970fdfadaeecf07a64d6c8d6,2020-04-18 11:50:43
d131b83eff710fffc8977e776090cb21,2020-04-18 11:50:43
794fddd55b9ab60f0c6d6882fa5254e8,2020-04-18 11:50:43
793b052fd07981c96cee8f74ef82503b,2020-04-18 11:50:43
a272e8dac85c4c37214df932870b81a1,2020-04-18 11:50:43
61ece7d4b2948dcf40784969e5b8e99b,2020-04-18 11:50:43
95c3f0649e0355ff2d591cca80ea1465,2020-04-18 11:50:43
b1b5d5e62e06e66ef7f75623927a35dc,2020-04-18 11:50:43
646f1c58e38c5dd30f301310ae2ae970,2020-04-18 11:50:43
5a73dfd2307139bc306a15a1e999be62,2020-04-18 11:50:43
8785388c63e9fc54bd75f4084e18c536,2020-04-18 11:50:43
a50e21c7d034fe2f3b34e550780a9c99,2020-04-18 11:50:43
fa5b3c6b18510de44abace148814b4c8,2020-04-18 11:50:43
fa5b3c6b18510de44abace148814b4c8,2020-04-18 11:50:43
a50e21c7d034fe2f3b34e550780a9c99,2020-04-18 11:50:43
8785388c63e9fc54bd75f4084e18c536,2020-04-18 11:50:43
646f1c58e38c5dd30f301310ae2ae970,2020-04-18 11:50:43
15090d4e60954bb5f792bc0172502736,2020-04-18 11:50:43
e6162e59180bddb67ffc9d05f85e13fe,2020-04-18 11:50:43
fa5b3c6b18510de44abace148814b4c8,2020-04-18 11:50:43
15090d4e60954bb5f792bc0172502736,2020-04-18 11:50:43
e6162e59180bddb67ffc9d05f85e13fe,2020-04-18 11:50:43
a50e21c7d034fe2f3b34e550780a9c99,2020-04-18 11:50:43
8785388c63e9fc54bd75f4084e18c536,2020-04-18 11:50:43
646f1c58e38c5dd30f301310ae2ae970,2020-04-18 11:50:43
cb6919410321d4099ed29d3e7a63f317,2020-04-18 11:50:43
6aec606e1f6db2f62f3a8509167fab46,2020-04-18 11:50:43
b1b5d5e62e06e66ef7f75623927a35dc,2020-04-18 11:50:43
5a73dfd2307139bc306a15a1e999be62,2020-04-18 11:50:43
61ece7d4b2948dcf40784969e5b8e99b,2020-04-18 11:50:43
646f1c58e38c5dd30f301310ae2ae970,2020-04-18 11:50:43
5322fa68b57cd0faba996dd76757fccc,2020-04-18 11:50:43
5322fa68b57cd0faba996dd76757fccc,2020-04-18 11:50:43
d6f5a3dcefde5e3c3d6a270839184755,2020-04-18 11:50:43
793b052fd07981c96cee8f74ef82503b,2020-04-18 11:50:43
1ce5c1c64a0c3b0a813bd0f4eb9b284b,2020-04-18 11:50:43
b1b5d5e62e06e66ef7f75623927a35dc,2020-04-18 11:50:43
5a73dfd2307139bc306a15a1e999be62,2020-04-18 11:50:43
e6162e59180bddb67ffc9d05f85e13fe,2020-04-18 11:50:43
61ece7d4b2948dcf40784969e5b8e99b,2020-04-18 11:50:43
646f1c58e38c5dd30f301310ae2ae970,2020-04-18 11:50:43
70238bb9aa5a352ab4ffbb54bcc885d0,2020-04-18 11:50:43
8785388c63e9fc54bd75f4084e18c536,2020-04-18 11:50:43
5e4e42e07bf0a13005e2f1c32c1d7db7,2020-04-18 11:50:43
4933696a2e9388618b01e47dff394896,2020-04-18 11:50:43
61ece7d4b2948dcf40784969e5b8e99b,2020-04-18 11:50:43
5a73dfd2307139bc306a15a1e999be62,2020-04-18 11:50:43
646f1c58e38c5dd30f301310ae2ae970,2020-04-18 11:50:43
f04274a846e15863498f07ce1112f235,2020-04-18 11:50:43
f04274a846e15863498f07ce1112f235,2020-04-18 11:50:43
e3df537b6ff3dab2292c2a7a6e2c9bfa,2020-04-18 11:50:43
4933696a2e9388618b01e47dff394896,2020-04-18 11:50:43
5a73dfd2307139bc306a15a1e999be62,2020-04-18 11:50:43
61ece7d4b2948dcf40784969e5b8e99b,2020-04-18 11:50:43
a50e21c7d034fe2f3b34e550780a9c99,2020-04-18 11:50:43
646f1c58e38c5dd30f301310ae2ae970,2020-04-18 11:50:43
5a73dfd2307139bc306a15a1e999be62,2020-04-18 11:50:43
cd031454aeb9c93f7608702872af4c7b,2020-04-18 11:50:43
a50e21c7d034fe2f3b34e550780a9c99,2020-04-18 11:50:43
61ece7d4b2948dcf40784969e5b8e99b,2020-04-18 11:50:43
794fddd55b9ab60f0c6d6882fa5254e8,2020-04-18 11:50:43
c7a981c5be472f798cc7f39454c25b28,2020-04-18 11:50:43
8785388c63e9fc54bd75f4084e18c536,2020-04-18 11:50:43
feb9e4e31b34b0dbf59d20bbf10558c6,2020-04-18 11:50:43
6aec606e1f6db2f62f3a8509167fab46,2020-04-18 11:50:43
d131b83eff710fffc8977e776090cb21,2020-04-18 11:50:43
040b359fded1074b6b96bab58f21263b,2020-04-18 11:50:43
cd031454aeb9c93f7608702872af4c7b,2020-04-18 11:50:43
646f1c58e38c5dd30f301310ae2ae970,2020-04-18 11:50:43
c6cb37ccd25088debe2dea3ff0519696,2020-04-18 11:50:43
5a73dfd2307139bc306a15a1e999be62,2020-04-18 11:50:43
61ece7d4b2948dcf40784969e5b8e99b,2020-04-18 11:50:43
8785388c63e9fc54bd75f4084e18c536,2020-04-18 11:50:43
a50e21c7d034fe2f3b34e550780a9c99,2020-04-18 11:50:43
794fddd55b9ab60f0c6d6882fa5254e8,2020-04-18 11:50:43
c7a981c5be472f798cc7f39454c25b28,2020-04-18 11:50:43
d4bc13c95d50e337c958eaefac1a4230,2020-04-18 11:50:43
5a73dfd2307139bc306a15a1e999be62,2020-04-18 11:50:43
8785388c63e9fc54bd75f4084e18c536,2020-04-18 11:50:43
ab957fc18e73f87eda9b6cb727ebfcad,2020-04-18 11:50:43
61ece7d4b2948dcf40784969e5b8e99b,2020-04-18 11:50:43
040b359fded1074b6b96bab58f21263b,2020-04-18 11:50:43
cb71edd78954108432d54c0c7222db34,2020-04-18 11:50:43
ab957fc18e73f87eda9b6cb727ebfcad,2020-04-18 11:50:43
040b359fded1074b6b96bab58f21263b,2020-04-18 11:50:43
8785388c63e9fc54bd75f4084e18c536,2020-04-18 11:50:43
61ece7d4b2948dcf40784969e5b8e99b,2020-04-18 11:50:43
5a73dfd2307139bc306a15a1e999be62,2020-04-18 11:50:43
cb71edd78954108432d54c0c7222db34,2020-04-18 11:50:43
6aec606e1f6db2f62f3a8509167fab46,2020-04-18 11:50:43
646f1c58e38c5dd30f301310ae2ae970,2020-04-18 11:50:43
c6cb37ccd25088debe2dea3ff0519696,2020-04-18 11:50:43
92d85f7ed3efb7d75199ed67e4774d83,2020-04-18 11:50:43
b8bbdfe4a4d5ca94be87330229fe4c69,2020-04-18 11:50:43
ab957fc18e73f87eda9b6cb727ebfcad,2020-04-18 11:50:43
6aec606e1f6db2f62f3a8509167fab46,2020-04-18 11:50:43
92d85f7ed3efb7d75199ed67e4774d83,2020-04-18 11:50:43
040b359fded1074b6b96bab58f21263b,2020-04-18 11:50:43
646f1c58e38c5dd30f301310ae2ae970,2020-04-18 11:50:43
4f3b368695c670a0e56c9dec34edf29b,2020-04-18 11:50:43
8785388c63e9fc54bd75f4084e18c536,2020-04-18 11:50:43
5a73dfd2307139bc306a15a1e999be62,2020-04-18 11:50:43
61ece7d4b2948dcf40784969e5b8e99b,2020-04-18 11:50:43
cb71edd78954108432d54c0c7222db34,2020-04-18 11:50:43
c6cb37ccd25088debe2dea3ff0519696,2020-04-18 11:50:43
feb9e4e31b34b0dbf59d20bbf10558c6,2020-04-18 11:50:43
fa5b3c6b18510de44abace148814b4c8,2020-04-18 11:50:43
c7a981c5be472f798cc7f39454c25b28,2020-04-18 11:50:43
6ac06c61320ded07922f67149c916331,2020-04-18 11:50:43
5a73dfd2307139bc306a15a1e999be62,2020-04-18 11:50:43
ab957fc18e73f87eda9b6cb727ebfcad,2020-04-18 11:50:43
f04274a846e15863498f07ce1112f235,2020-04-18 11:50:43
feb9e4e31b34b0dbf59d20bbf10558c6,2020-04-18 11:50:43
cd031454aeb9c93f7608702872af4c7b,2020-04-18 11:50:43
8785388c63e9fc54bd75f4084e18c536,2020-04-18 11:50:43
c7a981c5be472f798cc7f39454c25b28,2020-04-18 11:50:43
feb9e4e31b34b0dbf59d20bbf10558c6,2020-04-18 11:50:43
ab957fc18e73f87eda9b6cb727ebfcad,2020-04-18 11:50:43
cd031454aeb9c93f7608702872af4c7b,2020-04-18 11:50:43
f04274a846e15863498f07ce1112f235,2020-04-18 11:50:43
8785388c63e9fc54bd75f4084e18c536,2020-04-18 11:50:43
5a73dfd2307139bc306a15a1e999be62,2020-04-18 11:50:43
6ac06c61320ded07922f67149c916331,2020-04-18 11:50:43
c7a981c5be472f798cc7f39454c25b28,2020-04-18 11:50:43
70c91414ce5527ac8e4f60ee862f8634,2020-04-18 11:50:43
794fddd55b9ab60f0c6d6882fa5254e8,2020-04-18 11:50:43
feb9e4e31b34b0dbf59d20bbf10558c6,2020-04-18 11:50:43
ab957fc18e73f87eda9b6cb727ebfcad,2020-04-18 11:50:43
cd031454aeb9c93f7608702872af4c7b,2020-04-18 11:50:43
f04274a846e15863498f07ce1112f235,2020-04-18 11:50:43
bc94d66b49fb3ffe786620655ad985db,2020-04-18 11:50:43
8785388c63e9fc54bd75f4084e18c536,2020-04-18 11:50:43
61ece7d4b2948dcf40784969e5b8e99b,2020-04-18 11:50:43
5a73dfd2307139bc306a15a1e999be62,2020-04-18 11:50:43
70c91414ce5527ac8e4f60ee862f8634,2020-04-18 11:50:43
6ac06c61320ded07922f67149c916331,2020-04-18 11:50:43
c7a981c5be472f798cc7f39454c25b28,2020-04-18 11:50:43
794fddd55b9ab60f0c6d6882fa5254e8,2020-04-18 11:50:43
aad03a129982ed7702d974fd50fef0ff,2020-04-18 11:50:43
fa5b3c6b18510de44abace148814b4c8,2020-04-18 11:50:43
61ece7d4b2948dcf40784969e5b8e99b,2020-04-18 11:50:43
5a73dfd2307139bc306a15a1e999be62,2020-04-18 11:50:43
bc94d66b49fb3ffe786620655ad985db,2020-04-18 11:50:43
cd031454aeb9c93f7608702872af4c7b,2020-04-18 11:50:43
a50e21c7d034fe2f3b34e550780a9c99,2020-04-18 11:50:43
10b98a1670e7359f8b12bc58e6a611b0,2020-04-18 11:50:43
446b6435a78da8d5be028b93bd5bb7fd,2020-04-18 11:50:43
10b98a1670e7359f8b12bc58e6a611b0,2020-04-18 11:50:43
bc94d66b49fb3ffe786620655ad985db,2020-04-18 11:50:43
cd031454aeb9c93f7608702872af4c7b,2020-04-18 11:50:43
fa5b3c6b18510de44abace148814b4c8,2020-04-18 11:50:43
61ece7d4b2948dcf40784969e5b8e99b,2020-04-18 11:50:43
5a73dfd2307139bc306a15a1e999be62,2020-04-18 11:50:43
a50e21c7d034fe2f3b34e550780a9c99,2020-04-18 11:50:43
aad03a129982ed7702d974fd50fef0ff,2020-04-18 11:50:43
446b6435a78da8d5be028b93bd5bb7fd,2020-04-18 11:50:43
eaa6f5c0ecdf8950e18f8cf63538823b,2020-04-18 11:50:43
c6cb37ccd25088debe2dea3ff0519696,2020-04-18 11:50:43
10b98a1670e7359f8b12bc58e6a611b0,2020-04-18 11:50:43
eaa6f5c0ecdf8950e18f8cf63538823b,2020-04-18 11:50:43
cd031454aeb9c93f7608702872af4c7b,2020-04-18 11:50:43
bc94d66b49fb3ffe786620655ad985db,2020-04-18 11:50:43
fa5b3c6b18510de44abace148814b4c8,2020-04-18 11:50:43
c6cb37ccd25088debe2dea3ff0519696,2020-04-18 11:50:43
5a73dfd2307139bc306a15a1e999be62,2020-04-18 11:50:43
61ece7d4b2948dcf40784969e5b8e99b,2020-04-18 11:50:43
a50e21c7d034fe2f3b34e550780a9c99,2020-04-18 11:50:43
aad03a129982ed7702d974fd50fef0ff,2020-04-18 11:50:43
446b6435a78da8d5be028b93bd5bb7fd,2020-04-18 11:50:43
aad03a129982ed7702d974fd50fef0ff,2020-04-18 11:50:43
5a73dfd2307139bc306a15a1e999be62,2020-04-18 11:50:43
fa5b3c6b18510de44abace148814b4c8,2020-04-18 11:50:43
b1b5d5e62e06e66ef7f75623927a35dc,2020-04-18 11:50:43
c6cb37ccd25088debe2dea3ff0519696,2020-04-18 11:50:43
1b55210ab3eacdc77aa4d08763ac689d,2020-04-18 11:50:43
a50e21c7d034fe2f3b34e550780a9c99,2020-04-18 11:50:43
7ca8d23d76c715f308a9355803a3a5b2,2020-04-18 11:50:43
1b55210ab3eacdc77aa4d08763ac689d,2020-04-18 11:50:43
7ca8d23d76c715f308a9355803a3a5b2,2020-04-18 11:50:43
b1b5d5e62e06e66ef7f75623927a35dc,2020-04-18 11:50:43
fa5b3c6b18510de44abace148814b4c8,2020-04-18 11:50:43
c6cb37ccd25088debe2dea3ff0519696,2020-04-18 11:50:43
5a73dfd2307139bc306a15a1e999be62,2020-04-18 11:50:43
a50e21c7d034fe2f3b34e550780a9c99,2020-04-18 11:50:43
aad03a129982ed7702d974fd50fef0ff,2020-04-18 11:50:43
c5dc9177815e3113582a3d6812e3d95e,2020-04-18 11:50:43
8785388c63e9fc54bd75f4084e18c536,2020-04-18 11:50:43
7ca8d23d76c715f308a9355803a3a5b2,2020-04-18 11:50:43
c5dc9177815e3113582a3d6812e3d95e,2020-04-18 11:50:43
b1b5d5e62e06e66ef7f75623927a35dc,2020-04-18 11:50:43
fa5b3c6b18510de44abace148814b4c8,2020-04-18 11:50:43
10751c3efe04d0f8df2decdede4a2dec,2020-04-18 11:50:43
c6cb37ccd25088debe2dea3ff0519696,2020-04-18 11:50:43
5a73dfd2307139bc306a15a1e999be62,2020-04-18 11:50:43
a50e21c7d034fe2f3b34e550780a9c99,2020-04-18 11:50:43
8785388c63e9fc54bd75f4084e18c536,2020-04-18 11:50:43
aad03a129982ed7702d974fd50fef0ff,2020-04-18 11:50:43
f04274a846e15863498f07ce1112f235,2020-04-18 11:50:43
040b359fded1074b6b96bab58f21263b,2020-04-18 11:51:30
5e4e42e07bf0a13005e2f1c32c1d7db7,2020-04-18 11:51:30
ee67bec2aa88d78baae767f5d019f506,2020-04-18 11:51:30
61ece7d4b2948dcf40784969e5b8e99b,2020-04-18 11:51:30
646f1c58e38c5dd30f301310ae2ae970,2020-04-18 11:51:30
ee67bec2aa88d78baae767f5d019f506,2020-04-18 11:51:30
7ca8d23d76c715f308a9355803a3a5b2,2020-04-18 11:51:30
040b359fded1074b6b96bab58f21263b,2020-04-18 11:51:30
61ece7d4b2948dcf40784969e5b8e99b,2020-04-18 11:51:30
5e4e42e07bf0a13005e2f1c32c1d7db7,2020-04-18 11:51:30
646f1c58e38c5dd30f301310ae2ae970,2020-04-18 11:51:30
4f3b368695c670a0e56c9dec34edf29b,2020-04-18 11:51:30
d4bc13c95d50e337c958eaefac1a4230,2020-04-18 11:51:30
70238bb9aa5a352ab4ffbb54bcc885d0,2020-04-18 11:51:30
5c84a511386a0709f01ebe4583893a6a,2020-04-18 11:51:30
70238bb9aa5a352ab4ffbb54bcc885d0,2020-04-18 11:51:30
5c84a511386a0709f01ebe4583893a6a,2020-04-18 11:51:30
d4bc13c95d50e337c958eaefac1a4230,2020-04-18 11:51:30
646f1c58e38c5dd30f301310ae2ae970,2020-04-18 11:51:30
7ca8d23d76c715f308a9355803a3a5b2,2020-04-18 11:51:30
8785388c63e9fc54bd75f4084e18c536,2020-04-18 11:51:30
5c84a511386a0709f01ebe4583893a6a,2020-04-18 11:51:30
7ca8d23d76c715f308a9355803a3a5b2,2020-04-18 11:51:30
70238bb9aa5a352ab4ffbb54bcc885d0,2020-04-18 11:51:30
646f1c58e38c5dd30f301310ae2ae970,2020-04-18 11:51:30
8785388c63e9fc54bd75f4084e18c536,2020-04-18 11:51:30
d4bc13c95d50e337c958eaefac1a4230,2020-04-18 11:51:30
4f3b368695c670a0e56c9dec34edf29b,2020-04-18 11:51:30
a50e21c7d034fe2f3b34e550780a9c99,2020-04-18 11:51:30
040b359fded1074b6b96bab58f21263b,2020-04-18 11:51:30
61ece7d4b2948dcf40784969e5b8e99b,2020-04-18 11:51:30
d94dc7b668b0cf93238f86a996a6f23a,2020-04-18 11:51:30
bb5d9bb1aa12874786e9798abbcb2d97,2020-04-18 11:51:30
a50e21c7d034fe2f3b34e550780a9c99,2020-04-18 11:51:30
040b359fded1074b6b96bab58f21263b,2020-04-18 11:51:30
61ece7d4b2948dcf40784969e5b8e99b,2020-04-18 11:51:30
d94dc7b668b0cf93238f86a996a6f23a,2020-04-18 11:51:30
bb5d9bb1aa12874786e9798abbcb2d97,2020-04-18 11:51:30
bb5d9bb1aa12874786e9798abbcb2d97,2020-04-18 11:51:30
040b359fded1074b6b96bab58f21263b,2020-04-18 11:51:30
a50e21c7d034fe2f3b34e550780a9c99,2020-04-18 11:51:30
61ece7d4b2948dcf40784969e5b8e99b,2020-04-18 11:51:30
d94dc7b668b0cf93238f86a996a6f23a,2020-04-18 11:51:30
e6162e59180bddb67ffc9d05f85e13fe,2020-04-18 11:51:30
5a73dfd2307139bc306a15a1e999be62,2020-04-18 11:51:30
5a73dfd2307139bc306a15a1e999be62,2020-04-18 11:51:30
e6162e59180bddb67ffc9d05f85e13fe,2020-04-18 11:51:30
a50e21c7d034fe2f3b34e550780a9c99,2020-04-18 11:51:30
7ca8d23d76c715f308a9355803a3a5b2,2020-04-18 11:51:30
8785388c63e9fc54bd75f4084e18c536,2020-04-18 11:51:30
0ec3bf3e69ca8cc39eff53787c683efd,2020-04-18 11:51:30
7ca8d23d76c715f308a9355803a3a5b2,2020-04-18 11:51:30
0ec3bf3e69ca8cc39eff53787c683efd,2020-04-18 11:51:30
8785388c63e9fc54bd75f4084e18c536,2020-04-18 11:51:30
4f3b368695c670a0e56c9dec34edf29b,2020-04-18 11:51:30
5a73dfd2307139bc306a15a1e999be62,2020-04-18 11:51:30
e6162e59180bddb67ffc9d05f85e13fe,2020-04-18 11:51:30
a50e21c7d034fe2f3b34e550780a9c99,2020-04-18 11:51:30
32138a91b7382b2f2c19f73e99c85489,2020-04-18 11:51:30
646f1c58e38c5dd30f301310ae2ae970,2020-04-18 11:51:30
f04274a846e15863498f07ce1112f235,2020-04-18 11:51:30
61ece7d4b2948dcf40784969e5b8e99b,2020-04-18 11:51:30
794fddd55b9ab60f0c6d6882fa5254e8,2020-04-18 11:51:30
1cb3aa5a970fdfadaeecf07a64d6c8d6,2020-04-18 11:51:30
794fddd55b9ab60f0c6d6882fa5254e8,2020-04-18 11:51:30
61ece7d4b2948dcf40784969e5b8e99b,2020-04-18 11:51:30
7ca8d23d76c715f308a9355803a3a5b2,2020-04-18 11:51:30
793b052fd07981c96cee8f74ef82503b,2020-04-18 11:51:30
a272e8dac85c4c37214df932870b81a1,2020-04-18 11:51:30
7ca8d23d76c715f308a9355803a3a5b2,2020-04-18 11:51:30
1cb3aa5a970fdfadaeecf07a64d6c8d6,2020-04-18 11:51:30
d131b83eff710fffc8977e776090cb21,2020-04-18 11:51:30
794fddd55b9ab60f0c6d6882fa5254e8,2020-04-18 11:51:30
793b052fd07981c96cee8f74ef82503b,2020-04-18 11:51:30
a272e8dac85c4c37214df932870b81a1,2020-04-18 11:51:30
61ece7d4b2948dcf40784969e5b8e99b,2020-04-18 11:51:30
95c3f0649e0355ff2d591cca80ea1465,2020-04-18 11:51:30
b1b5d5e62e06e66ef7f75623927a35dc,2020-04-18 11:51:30
646f1c58e38c5dd30f301310ae2ae970,2020-04-18 11:51:30
5a73dfd2307139bc306a15a1e999be62,2020-04-18 11:51:30
8785388c63e9fc54bd75f4084e18c536,2020-04-18 11:51:30
a50e21c7d034fe2f3b34e550780a9c99,2020-04-18 11:51:30
fa5b3c6b18510de44abace148814b4c8,2020-04-18 11:51:30
fa5b3c6b18510de44abace148814b4c8,2020-04-18 11:51:30
a50e21c7d034fe2f3b34e550780a9c99,2020-04-18 11:51:30
8785388c63e9fc54bd75f4084e18c536,2020-04-18 11:51:30
646f1c58e38c5dd30f301310ae2ae970,2020-04-18 11:51:30
15090d4e60954bb5f792bc0172502736,2020-04-18 11:51:30
e6162e59180bddb67ffc9d05f85e13fe,2020-04-18 11:51:30
fa5b3c6b18510de44abace148814b4c8,2020-04-18 11:51:30
15090d4e60954bb5f792bc0172502736,2020-04-18 11:51:30
e6162e59180bddb67ffc9d05f85e13fe,2020-04-18 11:51:30
a50e21c7d034fe2f3b34e550780a9c99,2020-04-18 11:51:30
8785388c63e9fc54bd75f4084e18c536,2020-04-18 11:51:30
646f1c58e38c5dd30f301310ae2ae970,2020-04-18 11:51:30
cb6919410321d4099ed29d3e7a63f317,2020-04-18 11:51:30
6aec606e1f6db2f62f3a8509167fab46,2020-04-18 11:51:30
b1b5d5e62e06e66ef7f75623927a35dc,2020-04-18 11:51:30
5a73dfd2307139bc306a15a1e999be62,2020-04-18 11:51:30
61ece7d4b2948dcf40784969e5b8e99b,2020-04-18 11:51:30
646f1c58e38c5dd30f301310ae2ae970,2020-04-18 11:51:30
5322fa68b57cd0faba996dd76757fccc,2020-04-18 11:51:30
5322fa68b57cd0faba996dd76757fccc,2020-04-18 11:51:30
d6f5a3dcefde5e3c3d6a270839184755,2020-04-18 11:51:30
793b052fd07981c96cee8f74ef82503b,2020-04-18 11:51:30
1ce5c1c64a0c3b0a813bd0f4eb9b284b,2020-04-18 11:51:30
b1b5d5e62e06e66ef7f75623927a35dc,2020-04-18 11:51:30
5a73dfd2307139bc306a15a1e999be62,2020-04-18 11:51:30
e6162e59180bddb67ffc9d05f85e13fe,2020-04-18 11:51:30
61ece7d4b2948dcf40784969e5b8e99b,2020-04-18 11:51:30
646f1c58e38c5dd30f301310ae2ae970,2020-04-18 11:51:30
70238bb9aa5a352ab4ffbb54bcc885d0,2020-04-18 11:51:30
8785388c63e9fc54bd75f4084e18c536,2020-04-18 11:51:30
5e4e42e07bf0a13005e2f1c32c1d7db7,2020-04-18 11:51:30
4933696a2e9388618b01e47dff394896,2020-04-18 11:51:30
61ece7d4b2948dcf40784969e5b8e99b,2020-04-18 11:51:30
5a73dfd2307139bc306a15a1e999be62,2020-04-18 11:51:30
646f1c58e38c5dd30f301310ae2ae970,2020-04-18 11:51:30
f04274a846e15863498f07ce1112f235,2020-04-18 11:51:30
f04274a846e15863498f07ce1112f235,2020-04-18 11:51:30
e3df537b6ff3dab2292c2a7a6e2c9bfa,2020-04-18 11:51:30
4933696a2e9388618b01e47dff394896,2020-04-18 11:51:30
5a73dfd2307139bc306a15a1e999be62,2020-04-18 11:51:30
61ece7d4b2948dcf40784969e5b8e99b,2020-04-18 11:51:30
a50e21c7d034fe2f3b34e550780a9c99,2020-04-18 11:51:30
646f1c58e38c5dd30f301310ae2ae970,2020-04-18 11:51:30
5a73dfd2307139bc306a15a1e999be62,2020-04-18 11:51:30
cd031454aeb9c93f7608702872af4c7b,2020-04-18 11:51:30
a50e21c7d034fe2f3b34e550780a9c99,2020-04-18 11:51:30
61ece7d4b2948dcf40784969e5b8e99b,2020-04-18 11:51:30
794fddd55b9ab60f0c6d6882fa5254e8,2020-04-18 11:51:30
c7a981c5be472f798cc7f39454c25b28,2020-04-18 11:51:30
8785388c63e9fc54bd75f4084e18c536,2020-04-18 11:51:30
feb9e4e31b34b0dbf59d20bbf10558c6,2020-04-18 11:51:30
6aec606e1f6db2f62f3a8509167fab46,2020-04-18 11:51:30
d131b83eff710fffc8977e776090cb21,2020-04-18 11:51:30
040b359fded1074b6b96bab58f21263b,2020-04-18 11:51:30
cd031454aeb9c93f7608702872af4c7b,2020-04-18 11:51:30
646f1c58e38c5dd30f301310ae2ae970,2020-04-18 11:51:30
c6cb37ccd25088debe2dea3ff0519696,2020-04-18 11:51:30
5a73dfd2307139bc306a15a1e999be62,2020-04-18 11:51:30
61ece7d4b2948dcf40784969e5b8e99b,2020-04-18 11:51:30
8785388c63e9fc54bd75f4084e18c536,2020-04-18 11:51:30
a50e21c7d034fe2f3b34e550780a9c99,2020-04-18 11:51:30
794fddd55b9ab60f0c6d6882fa5254e8,2020-04-18 11:51:30
c7a981c5be472f798cc7f39454c25b28,2020-04-18 11:51:30
d4bc13c95d50e337c958eaefac1a4230,2020-04-18 11:51:30
5a73dfd2307139bc306a15a1e999be62,2020-04-18 11:51:30
8785388c63e9fc54bd75f4084e18c536,2020-04-18 11:51:30
ab957fc18e73f87eda9b6cb727ebfcad,2020-04-18 11:51:30
61ece7d4b2948dcf40784969e5b8e99b,2020-04-18 11:51:30
040b359fded1074b6b96bab58f21263b,2020-04-18 11:51:30
cb71edd78954108432d54c0c7222db34,2020-04-18 11:51:30
ab957fc18e73f87eda9b6cb727ebfcad,2020-04-18 11:51:30
040b359fded1074b6b96bab58f21263b,2020-04-18 11:51:30
8785388c63e9fc54bd75f4084e18c536,2020-04-18 11:51:30
61ece7d4b2948dcf40784969e5b8e99b,2020-04-18 11:51:30
5a73dfd2307139bc306a15a1e999be62,2020-04-18 11:51:30
cb71edd78954108432d54c0c7222db34,2020-04-18 11:51:30
6aec606e1f6db2f62f3a8509167fab46,2020-04-18 11:51:30
646f1c58e38c5dd30f301310ae2ae970,2020-04-18 11:51:30
c6cb37ccd25088debe2dea3ff0519696,2020-04-18 11:51:30
92d85f7ed3efb7d75199ed67e4774d83,2020-04-18 11:51:30
b8bbdfe4a4d5ca94be87330229fe4c69,2020-04-18 11:51:30
ab957fc18e73f87eda9b6cb727ebfcad,2020-04-18 11:51:30
6aec606e1f6db2f62f3a8509167fab46,2020-04-18 11:51:30
92d85f7ed3efb7d75199ed67e4774d83,2020-04-18 11:51:30
040b359fded1074b6b96bab58f21263b,2020-04-18 11:51:30
646f1c58e38c5dd30f301310ae2ae970,2020-04-18 11:51:30
4f3b368695c670a0e56c9dec34edf29b,2020-04-18 11:51:30
8785388c63e9fc54bd75f4084e18c536,2020-04-18 11:51:30
5a73dfd2307139bc306a15a1e999be62,2020-04-18 11:51:30
61ece7d4b2948dcf40784969e5b8e99b,2020-04-18 11:51:30
cb71edd78954108432d54c0c7222db34,2020-04-18 11:51:30
c6cb37ccd25088debe2dea3ff0519696,2020-04-18 11:51:30
feb9e4e31b34b0dbf59d20bbf10558c6,2020-04-18 11:51:30
fa5b3c6b18510de44abace148814b4c8,2020-04-18 11:51:30
c7a981c5be472f798cc7f39454c25b28,2020-04-18 11:51:30
6ac06c61320ded07922f67149c916331,2020-04-18 11:51:30
5a73dfd2307139bc306a15a1e999be62,2020-04-18 11:51:30
ab957fc18e73f87eda9b6cb727ebfcad,2020-04-18 11:51:30
f04274a846e15863498f07ce1112f235,2020-04-18 11:51:30
feb9e4e31b34b0dbf59d20bbf10558c6,2020-04-18 11:51:30
cd031454aeb9c93f7608702872af4c7b,2020-04-18 11:51:30
8785388c63e9fc54bd75f4084e18c536,2020-04-18 11:51:30
c7a981c5be472f798cc7f39454c25b28,2020-04-18 11:51:30
feb9e4e31b34b0dbf59d20bbf10558c6,2020-04-18 11:51:30
ab957fc18e73f87eda9b6cb727ebfcad,2020-04-18 11:51:30
cd031454aeb9c93f7608702872af4c7b,2020-04-18 11:51:30
f04274a846e15863498f07ce1112f235,2020-04-18 11:51:30
8785388c63e9fc54bd75f4084e18c536,2020-04-18 11:51:30
5a73dfd2307139bc306a15a1e999be62,2020-04-18 11:51:30
6ac06c61320ded07922f67149c916331,2020-04-18 11:51:30
c7a981c5be472f798cc7f39454c25b28,2020-04-18 11:51:30
70c91414ce5527ac8e4f60ee862f8634,2020-04-18 11:51:30
794fddd55b9ab60f0c6d6882fa5254e8,2020-04-18 11:51:30
feb9e4e31b34b0dbf59d20bbf10558c6,2020-04-18 11:51:30
ab957fc18e73f87eda9b6cb727ebfcad,2020-04-18 11:51:30
cd031454aeb9c93f7608702872af4c7b,2020-04-18 11:51:30
f04274a846e15863498f07ce1112f235,2020-04-18 11:51:30
bc94d66b49fb3ffe786620655ad985db,2020-04-18 11:51:30
8785388c63e9fc54bd75f4084e18c536,2020-04-18 11:51:30
61ece7d4b2948dcf40784969e5b8e99b,2020-04-18 11:51:30
5a73dfd2307139bc306a15a1e999be62,2020-04-18 11:51:30
70c91414ce5527ac8e4f60ee862f8634,2020-04-18 11:51:30
6ac06c61320ded07922f67149c916331,2020-04-18 11:51:30
c7a981c5be472f798cc7f39454c25b28,2020-04-18 11:51:30
794fddd55b9ab60f0c6d6882fa5254e8,2020-04-18 11:51:30
aad03a129982ed7702d974fd50fef0ff,2020-04-18 11:51:30
fa5b3c6b18510de44abace148814b4c8,2020-04-18 11:51:30
61ece7d4b2948dcf40784969e5b8e99b,2020-04-18 11:51:30
5a73dfd2307139bc306a15a1e999be62,2020-04-18 11:51:30
bc94d66b49fb3ffe786620655ad985db,2020-04-18 11:51:30
cd031454aeb9c93f7608702872af4c7b,2020-04-18 11:51:30
a50e21c7d034fe2f3b34e550780a9c99,2020-04-18 11:51:30
10b98a1670e7359f8b12bc58e6a611b0,2020-04-18 11:51:30
446b6435a78da8d5be028b93bd5bb7fd,2020-04-18 11:51:30
10b98a1670e7359f8b12bc58e6a611b0,2020-04-18 11:51:30
bc94d66b49fb3ffe786620655ad985db,2020-04-18 11:51:30
cd031454aeb9c93f7608702872af4c7b,2020-04-18 11:51:30
fa5b3c6b18510de44abace148814b4c8,2020-04-18 11:51:30
61ece7d4b2948dcf40784969e5b8e99b,2020-04-18 11:51:30
5a73dfd2307139bc306a15a1e999be62,2020-04-18 11:51:30
a50e21c7d034fe2f3b34e550780a9c99,2020-04-18 11:51:30
aad03a129982ed7702d974fd50fef0ff,2020-04-18 11:51:30
446b6435a78da8d5be028b93bd5bb7fd,2020-04-18 11:51:30
eaa6f5c0ecdf8950e18f8cf63538823b,2020-04-18 11:51:30
c6cb37ccd25088debe2dea3ff0519696,2020-04-18 11:51:30
10b98a1670e7359f8b12bc58e6a611b0,2020-04-18 11:51:30
eaa6f5c0ecdf8950e18f8cf63538823b,2020-04-18 11:51:30
cd031454aeb9c93f7608702872af4c7b,2020-04-18 11:51:30
bc94d66b49fb3ffe786620655ad985db,2020-04-18 11:51:30
fa5b3c6b18510de44abace148814b4c8,2020-04-18 11:51:30
c6cb37ccd25088debe2dea3ff0519696,2020-04-18 11:51:30
5a73dfd2307139bc306a15a1e999be62,2020-04-18 11:51:30
61ece7d4b2948dcf40784969e5b8e99b,2020-04-18 11:51:30
a50e21c7d034fe2f3b34e550780a9c99,2020-04-18 11:51:30
aad03a129982ed7702d974fd50fef0ff,2020-04-18 11:51:30
446b6435a78da8d5be028b93bd5bb7fd,2020-04-18 11:51:30
aad03a129982ed7702d974fd50fef0ff,2020-04-18 11:51:30
5a73dfd2307139bc306a15a1e999be62,2020-04-18 11:51:30
fa5b3c6b18510de44abace148814b4c8,2020-04-18 11:51:30
b1b5d5e62e06e66ef7f75623927a35dc,2020-04-18 11:51:30
c6cb37ccd25088debe2dea3ff0519696,2020-04-18 11:51:30
1b55210ab3eacdc77aa4d08763ac689d,2020-04-18 11:51:30
a50e21c7d034fe2f3b34e550780a9c99,2020-04-18 11:51:30
7ca8d23d76c715f308a9355803a3a5b2,2020-04-18 11:51:30
1b55210ab3eacdc77aa4d08763ac689d,2020-04-18 11:51:30
7ca8d23d76c715f308a9355803a3a5b2,2020-04-18 11:51:30
b1b5d5e62e06e66ef7f75623927a35dc,2020-04-18 11:51:30
fa5b3c6b18510de44abace148814b4c8,2020-04-18 11:51:30
c6cb37ccd25088debe2dea3ff0519696,2020-04-18 11:51:30
5a73dfd2307139bc306a15a1e999be62,2020-04-18 11:51:30
a50e21c7d034fe2f3b34e550780a9c99,2020-04-18 11:51:30
aad03a129982ed7702d974fd50fef0ff,2020-04-18 11:51:30
c5dc9177815e3113582a3d6812e3d95e,2020-04-18 11:51:30
8785388c63e9fc54bd75f4084e18c536,2020-04-18 11:51:30
7ca8d23d76c715f308a9355803a3a5b2,2020-04-18 11:51:30
c5dc9177815e3113582a3d6812e3d95e,2020-04-18 11:51:30
b1b5d5e62e06e66ef7f75623927a35dc,2020-04-18 11:51:30
fa5b3c6b18510de44abace148814b4c8,2020-04-18 11:51:30
10751c3efe04d0f8df2decdede4a2dec,2020-04-18 11:51:30
c6cb37ccd25088debe2dea3ff0519696,2020-04-18 11:51:30
5a73dfd2307139bc306a15a1e999be62,2020-04-18 11:51:30
a50e21c7d034fe2f3b34e550780a9c99,2020-04-18 11:51:30
8785388c63e9fc54bd75f4084e18c536,2020-04-18 11:51:30
aad03a129982ed7702d974fd50fef0ff,2020-04-18 11:51:30
f04274a846e15863498f07ce1112f235,2020-04-18 11:51:30
5a73dfd2307139bc306a15a1e999be62,2020-04-18 11:55:17
794fddd55b9ab60f0c6d6882fa5254e8,2020-04-18 11:55:17
f04274a846e15863498f07ce1112f235,2020-04-18 11:55:17
a50e21c7d034fe2f3b34e550780a9c99,2020-04-18 11:55:17
5a73dfd2307139bc306a15a1e999be62,2020-04-18 11:55:17
a50e21c7d034fe2f3b34e550780a9c99,2020-04-18 11:55:17
794fddd55b9ab60f0c6d6882fa5254e8,2020-04-18 11:55:17
f04274a846e15863498f07ce1112f235,2020-04-18 11:55:17
82ddecaaf636bfd1826c04514b5c9e20,2020-04-18 11:55:17
5a73dfd2307139bc306a15a1e999be62,2020-04-18 11:55:17
82ddecaaf636bfd1826c04514b5c9e20,2020-04-18 11:55:17
a50e21c7d034fe2f3b34e550780a9c99,2020-04-18 11:55:17
794fddd55b9ab60f0c6d6882fa5254e8,2020-04-18 11:55:17
f04274a846e15863498f07ce1112f235,2020-04-18 11:55:17
5a73dfd2307139bc306a15a1e999be62,2020-04-18 12:27:27
794fddd55b9ab60f0c6d6882fa5254e8,2020-04-18 12:27:27
f04274a846e15863498f07ce1112f235,2020-04-18 12:27:27
a50e21c7d034fe2f3b34e550780a9c99,2020-04-18 12:27:27
5a73dfd2307139bc306a15a1e999be62,2020-04-18 12:27:27
a50e21c7d034fe2f3b34e550780a9c99,2020-04-18 12:27:27
794fddd55b9ab60f0c6d6882fa5254e8,2020-04-18 12:27:27
f04274a846e15863498f07ce1112f235,2020-04-18 12:27:27
82ddecaaf636bfd1826c04514b5c9e20,2020-04-18 12:27:27
5a73dfd2307139bc306a15a1e999be62,2020-04-18 12:27:27
82ddecaaf636bfd1826c04514b5c9e20,2020-04-18 12:27:27
a50e21c7d034fe2f3b34e550780a9c99,2020-04-18 12:27:27
794fddd55b9ab60f0c6d6882fa5254e8,2020-04-18 12:27:27
f04274a846e15863498f07ce1112f235,2020-04-18 12:27:27
42e697b78c78872b9fb075d6b631e723,2020-04-18 12:27:27
95f6e4ed3f7699d6e7788e950ebb4104,2020-04-18 12:27:27
a50e21c7d034fe2f3b34e550780a9c99,2020-04-18 12:27:27
5e4e42e07bf0a13005e2f1c32c1d7db7,2020-04-18 12:27:27
c6cb37ccd25088debe2dea3ff0519696,2020-04-18 12:27:27
f04274a846e15863498f07ce1112f235,2020-04-18 12:27:27
5a73dfd2307139bc306a15a1e999be62,2020-04-18 12:27:27
7ca8d23d76c715f308a9355803a3a5b2,2020-04-18 12:27:27
7ca8d23d76c715f308a9355803a3a5b2,2020-04-18 12:27:27
c6cb37ccd25088debe2dea3ff0519696,2020-04-18 12:27:27
5a73dfd2307139bc306a15a1e999be62,2020-04-18 12:27:27
42e697b78c78872b9fb075d6b631e723,2020-04-18 12:27:27
95f6e4ed3f7699d6e7788e950ebb4104,2020-04-18 12:27:27
a50e21c7d034fe2f3b34e550780a9c99,2020-04-18 12:27:27
f04274a846e15863498f07ce1112f235,2020-04-18 12:27:27
5e4e42e07bf0a13005e2f1c32c1d7db7,2020-04-18 12:27:27
882b35a05ad78caa560b2b8def0f769c,2020-04-18 12:27:27
882b35a05ad78caa560b2b8def0f769c,2020-04-18 12:27:27
7ca8d23d76c715f308a9355803a3a5b2,2020-04-18 12:27:27
c6cb37ccd25088debe2dea3ff0519696,2020-04-18 12:27:27
5a73dfd2307139bc306a15a1e999be62,2020-04-18 12:27:27
ce27ef907ae4677d9c38facf0934b4a7,2020-04-18 12:27:27
42e697b78c78872b9fb075d6b631e723,2020-04-18 12:27:27
95f6e4ed3f7699d6e7788e950ebb4104,2020-04-18 12:27:27
a50e21c7d034fe2f3b34e550780a9c99,2020-04-18 12:27:27
f04274a846e15863498f07ce1112f235,2020-04-18 12:27:27
5e4e42e07bf0a13005e2f1c32c1d7db7,2020-04-18 12:27:27
cb727f164431b91aaf5fa8faff7e6df5,2020-04-18 12:27:27
5a73dfd2307139bc306a15a1e999be62,2020-04-18 12:37:04
794fddd55b9ab60f0c6d6882fa5254e8,2020-04-18 12:37:04
f04274a846e15863498f07ce1112f235,2020-04-18 12:37:04
a50e21c7d034fe2f3b34e550780a9c99,2020-04-18 12:37:04
5a73dfd2307139bc306a15a1e999be62,2020-04-18 12:37:04
a50e21c7d034fe2f3b34e550780a9c99,2020-04-18 12:37:04
794fddd55b9ab60f0c6d6882fa5254e8,2020-04-18 12:37:04
f04274a846e15863498f07ce1112f235,2020-04-18 12:37:04
82ddecaaf636bfd1826c04514b5c9e20,2020-04-18 12:37:04
5a73dfd2307139bc306a15a1e999be62,2020-04-18 12:37:04
82ddecaaf636bfd1826c04514b5c9e20,2020-04-18 12:37:04
a50e21c7d034fe2f3b34e550780a9c99,2020-04-18 12:37:04
794fddd55b9ab60f0c6d6882fa5254e8,2020-04-18 12:37:04
f04274a846e15863498f07ce1112f235,2020-04-18 12:37:04
42e697b78c78872b9fb075d6b631e723,2020-04-18 12:37:04
95f6e4ed3f7699d6e7788e950ebb4104,2020-04-18 12:37:04
a50e21c7d034fe2f3b34e550780a9c99,2020-04-18 12:37:04
5e4e42e07bf0a13005e2f1c32c1d7db7,2020-04-18 12:37:04
c6cb37ccd25088debe2dea3ff0519696,2020-04-18 12:37:04
f04274a846e15863498f07ce1112f235,2020-04-18 12:37:04
5a73dfd2307139bc306a15a1e999be62,2020-04-18 12:37:04
7ca8d23d76c715f308a9355803a3a5b2,2020-04-18 12:37:04
7ca8d23d76c715f308a9355803a3a5b2,2020-04-18 12:37:04
c6cb37ccd25088debe2dea3ff0519696,2020-04-18 12:37:04
5a73dfd2307139bc306a15a1e999be62,2020-04-18 12:37:04
42e697b78c78872b9fb075d6b631e723,2020-04-18 12:37:04
95f6e4ed3f7699d6e7788e950ebb4104,2020-04-18 12:37:04
a50e21c7d034fe2f3b34e550780a9c99,2020-04-18 12:37:04
f04274a846e15863498f07ce1112f235,2020-04-18 12:37:04
5e4e42e07bf0a13005e2f1c32c1d7db7,2020-04-18 12:37:04
882b35a05ad78caa560b2b8def0f769c,2020-04-18 12:37:04
882b35a05ad78caa560b2b8def0f769c,2020-04-18 12:37:04
7ca8d23d76c715f308a9355803a3a5b2,2020-04-18 12:37:04
c6cb37ccd25088debe2dea3ff0519696,2020-04-18 12:37:04
5a73dfd2307139bc306a15a1e999be62,2020-04-18 12:37:04
ce27ef907ae4677d9c38facf0934b4a7,2020-04-18 12:37:04
42e697b78c78872b9fb075d6b631e723,2020-04-18 12:37:04
95f6e4ed3f7699d6e7788e950ebb4104,2020-04-18 12:37:04
a50e21c7d034fe2f3b34e550780a9c99,2020-04-18 12:37:04
f04274a846e15863498f07ce1112f235,2020-04-18 12:37:04
5e4e42e07bf0a13005e2f1c32c1d7db7,2020-04-18 12:37:04
cb727f164431b91aaf5fa8faff7e6df5,2020-04-18 12:37:04
32138a91b7382b2f2c19f73e99c85489,2020-04-18 12:37:04
f04274a846e15863498f07ce1112f235,2020-04-18 12:37:04
cb727f164431b91aaf5fa8faff7e6df5,2020-04-18 12:37:04
61ece7d4b2948dcf40784969e5b8e99b,2020-04-18 12:37:04
a50e21c7d034fe2f3b34e550780a9c99,2020-04-18 12:37:04
32138a91b7382b2f2c19f73e99c85489,2020-04-18 12:37:04
cb727f164431b91aaf5fa8faff7e6df5,2020-04-18 12:37:04
5b154bde2de903a74f9d68854e008a58,2020-04-18 12:37:04
61ece7d4b2948dcf40784969e5b8e99b,2020-04-18 12:37:04
a50e21c7d034fe2f3b34e550780a9c99,2020-04-18 12:37:04
f04274a846e15863498f07ce1112f235,2020-04-18 12:37:04
882b35a05ad78caa560b2b8def0f769c,2020-04-18 12:37:04
c6e143f40d6381770cc8b80af30a923c,2020-04-18 12:37:04
32138a91b7382b2f2c19f73e99c85489,2020-04-18 12:37:04
cb727f164431b91aaf5fa8faff7e6df5,2020-04-18 12:37:04
882b35a05ad78caa560b2b8def0f769c,2020-04-18 12:37:04
5b154bde2de903a74f9d68854e008a58,2020-04-18 12:37:04
61ece7d4b2948dcf40784969e5b8e99b,2020-04-18 12:37:04
a50e21c7d034fe2f3b34e550780a9c99,2020-04-18 12:37:04
f04274a846e15863498f07ce1112f235,2020-04-18 12:37:04
c6e143f40d6381770cc8b80af30a923c,2020-04-18 12:37:04
c6cb37ccd25088debe2dea3ff0519696,2020-04-18 12:37:04
